{
    "109": {
        "start": 753.44,
        "end": 759.64,
        "strategies": [
            0,
            0,
            0,
            0,
            0,
            0
        ],
        "feps": [
            0,
            0,
            1,
            0,
            0
        ],
        "whisperx_ner.pkl": [
            0.2,
            0.3333333333333333,
            0.23,
            0.3125,
            0.0,
            0.0
        ],
        "whisperx_sentiment.pkl": [
            0.5
        ],
        "whisperx_pos.pkl": [
            0.1836734693877551,
            0.23809523809523808,
            0.03728070175438596,
            0.09722222222222222,
            0.018518518518518517,
            0.19858156028368795,
            0.0,
            0.1981981981981982,
            0.23809523809523808,
            0.0,
            0.030303030303030304,
            0.4931506849315068,
            0.10116731517509728,
            0.10989010989010989
        ],
        "llm_evaluative.pkl": [
            0.25
        ],
        "face_emotions_deepface.pkl": [
            0.0,
            0.0,
            0.30718954248366015,
            0.0196078431372549,
            0.673202614379085,
            0.0,
            0.0
        ],
        "videoshot_scalemovement.pkl": [
            0.25
        ],
        "shot_density.pkl": [
            0.5513461798847531
        ],
        "siglip_shot_similarity.pkl": [
            0.11025358324145534,
            0.2785741960480434,
            0.6675562333206252,
            0.7500918779860345
        ],
        "convnextv2_shot_similarity.pkl": [
            0.16411184168728338,
            0.33057624838966027,
            0.43005280850055116,
            0.5389341192430503
        ],
        "places_shot_similarity.pkl": [
            0.37713012877528135,
            0.4847409030589974,
            0.6459105634894827,
            0.7616472500233091
        ],
        "kinetics-vmae_action_shot_similarity.pkl": [
            0.7958650435370962,
            0.6652311709423029,
            0.8884644442990758,
            0.7275033178950461
        ],
        "ssv2-vmae_action_shot_similarity.pkl": [
            0.6736138974560321,
            0.47334769897810347,
            0.8142982700814758,
            0.7074234857386437
        ],
        "kinetics-xclip_action_shot_similarity.pkl": [
            0.42148552802789374,
            0.4297555179218162,
            0.8305168498532296,
            0.8329178666834312
        ],
        "face_analysis.pkl": [
            0.09062955051437818,
            0.008912757812946353,
            1.0,
            1.0
        ],
        "whisperxspeaker_audioclf.pkl": [
            1.0,
            0.0,
            0.0,
            0.0,
            0.0,
            0.0,
            0.0,
            0.0,
            0.0
        ],
        "whisperxspeaker_segmentClf.pkl": [
            0.0,
            1.0
        ],
        "speaker_turns_meta.pkl": [
            0.0,
            0.3333333333333333,
            0.0,
            1.0,
            0.0,
            0.0,
            0.0,
            0.0,
            0.0,
            0.0,
            0.0,
            1.0
        ]
    },
    "110": {
        "start": 759.68,
        "end": 764.32,
        "strategies": [
            0,
            0,
            0,
            0,
            0,
            0
        ],
        "feps": [
            0,
            0,
            1,
            0,
            0
        ],
        "whisperx_ner.pkl": [
            0.2,
            0.3333333333333333,
            0.23,
            0.3125,
            0.0,
            0.0
        ],
        "whisperx_sentiment.pkl": [
            0.5
        ],
        "whisperx_pos.pkl": [
            0.1836734693877551,
            0.23809523809523808,
            0.03728070175438596,
            0.09722222222222222,
            0.018518518518518517,
            0.19858156028368795,
            0.0,
            0.1981981981981982,
            0.23809523809523808,
            0.0,
            0.030303030303030304,
            0.4931506849315068,
            0.10116731517509728,
            0.10989010989010989
        ],
        "llm_evaluative.pkl": [
            0.25
        ],
        "face_emotions_deepface.pkl": [
            0.0,
            0.0,
            0.0,
            0.0,
            0.0,
            0.0,
            0.0
        ],
        "videoshot_scalemovement.pkl": [
            0.0
        ],
        "shot_density.pkl": [
            0.5623178268125282
        ],
        "siglip_shot_similarity.pkl": [
            0.3296582138919515,
            0.6621464548624564,
            0.7445672893633244,
            0.6912899669239251
        ],
        "convnextv2_shot_similarity.pkl": [
            0.38036896751083005,
            0.43005283812501804,
            0.3785977757787352,
            0.3971727402510062
        ],
        "places_shot_similarity.pkl": [
            0.5844176495610812,
            0.6291255327940233,
            0.7134530123359235,
            0.6885110140179043
        ],
        "kinetics-vmae_action_shot_similarity.pkl": [
            0.6752294524258744,
            0.8884644442990758,
            0.749516689082996,
            0.9048264119599836
        ],
        "ssv2-vmae_action_shot_similarity.pkl": [
            0.41849302352547124,
            0.8142982700814758,
            0.7995409003936194,
            0.7472823480485159
        ],
        "kinetics-xclip_action_shot_similarity.pkl": [
            0.3876952530908412,
            0.8305168498532296,
            0.7113484048274616,
            0.8173435145669894
        ],
        "face_analysis.pkl": [
            0.0,
            0.0,
            0.5,
            0.5
        ],
        "whisperxspeaker_audioclf.pkl": [
            1.0,
            0.0,
            0.0,
            0.0,
            0.0,
            0.0,
            0.0,
            0.0,
            0.0
        ],
        "whisperxspeaker_segmentClf.pkl": [
            0.0,
            1.0
        ],
        "speaker_turns_meta.pkl": [
            0.0,
            0.3333333333333333,
            0.0,
            1.0,
            0.0,
            0.0,
            0.0,
            0.0,
            0.0,
            0.0,
            0.0,
            1.0
        ]
    },
    "111": {
        "start": 764.36,
        "end": 768.76,
        "strategies": [
            0,
            0,
            0,
            0,
            0,
            0
        ],
        "feps": [
            0,
            0,
            1,
            0,
            0
        ],
        "whisperx_ner.pkl": [
            0.2,
            0.3333333333333333,
            0.23,
            0.3125,
            0.0,
            0.0
        ],
        "whisperx_sentiment.pkl": [
            0.5
        ],
        "whisperx_pos.pkl": [
            0.1836734693877551,
            0.23809523809523808,
            0.03728070175438596,
            0.09722222222222222,
            0.018518518518518517,
            0.19858156028368795,
            0.0,
            0.1981981981981982,
            0.23809523809523808,
            0.0,
            0.030303030303030304,
            0.4931506849315068,
            0.10116731517509728,
            0.10989010989010989
        ],
        "llm_evaluative.pkl": [
            0.25
        ],
        "face_emotions_deepface.pkl": [
            0.0,
            0.0,
            0.0,
            0.0,
            0.0,
            0.0,
            0.0
        ],
        "videoshot_scalemovement.pkl": [
            0.0
        ],
        "shot_density.pkl": [
            0.5722917060040117
        ],
        "siglip_shot_similarity.pkl": [
            0.7500918779860345,
            0.7404106935296397,
            0.8231033168128098,
            0.33847850055126794
        ],