{
    "38": {
        "start": 230.16,
        "end": 264.88,
        "strategies": [
            0,
            0,
            0,
            0,
            0,
            0
        ],
        "feps": [
            1,
            0,
            0,
            0,
            0
        ],
        "whisperx_ner.pkl": [
            0.2,
            0.6666666666666666,
            0.05,
            0.1875,
            0.0,
            0.0
        ],
        "whisperx_sentiment.pkl": [
            0.5
        ],
        "whisperx_pos.pkl": [
            0.10204081632653061,
            0.17261904761904762,
            0.08991228070175439,
            0.09722222222222222,
            0.10493827160493827,
            0.15602836879432624,
            0.0,
            0.15615615615615616,
            0.047619047619047616,
            0.2647058823529412,
            0.1038961038961039,
            0.273972602739726,
            0.10505836575875487,
            0.1401098901098901
        ],
        "llm_evaluative.pkl": [
            1.0
        ],
        "face_emotions_deepface.pkl": [
            0.1815126050420168,
            0.0,
            0.01680672268907563,
            0.0,
            0.07226890756302522,
            0.5142857142857142,
            0.21512605042016808
        ],
        "videoshot_scalemovement.pkl": [
            0.5
        ],
        "shot_density.pkl": [
            0.1766373814608477
        ],
        "siglip_shot_similarity.pkl": [
            0.2539507533994855,
            0.2932971716388997,
            0.6378192908882958,
            0.8632855567805954
        ],
        "convnextv2_shot_similarity.pkl": [
            0.10109771886143935,
            0.18699438209757327,
            0.6139250606303597,
            0.9319361590509461
        ],
        "places_shot_similarity.pkl": [
            0.4630646196682006,
            0.3541344051034544,
            0.5947909655708562,
            0.9294977404579551
        ],
        "kinetics-vmae_action_shot_similarity.pkl": [
            0.7205419826556014,
            0.6355500818657287,
            0.8955319978424733,
            0.9455178782386875
        ],
        "ssv2-vmae_action_shot_similarity.pkl": [
            0.7675021801714783,
            0.6236281974357056,
            0.8032649613490056,
            0.8957466708265824
        ],
        "kinetics-xclip_action_shot_similarity.pkl": [
            0.4831292293905375,
            0.4596982537203834,
            0.7796990856369543,
            0.8879520089705897
        ],
        "face_analysis.pkl": [
            0.03130178868815624,
            0.04964863166314346,
            1.0,
            1.0
        ],
        "whisperxspeaker_audioclf.pkl": [
            1.0,
            0.0,
            0.0,
            0.0,
            0.0,
            0.0,
            0.0,
            0.0,
            0.0
        ],
        "whisperxspeaker_segmentClf.pkl": [
            1.0,
            1.0
        ],
        "speaker_turns_meta.pkl": [
            1.0,
            0.6666666666666666,
            0.5,
            0.0,
            0.0,
            0.0,
            0.0,
            0.0,
            0.0,
            0.0,
            0.0,
            0.0
        ]
    },
    "39": {
        "start": 264.92,
        "end": 267.88,
        "strategies": [
            0,
            0,
            0,
            0,
            0,
            0
        ],
        "feps": [
            1,
            1,
            0,
            0,
            0
        ],
        "whisperx_ner.pkl": [
            0.0,
            0.16666666666666666,
            0.03,
            0.125,
            0.0,
            0.0
        ],
        "whisperx_sentiment.pkl": [
            0.5
        ],
        "whisperx_pos.pkl": [
            0.06802721088435375,
            0.11904761904761904,
            0.07675438596491228,
            0.09027777777777778,
            0.08641975308641975,
            0.10283687943262411,
            0.0,
            0.0990990990990991,
            0.0,
            0.23529411764705882,
            0.09090909090909091,
            0.0958904109589041,
            0.07392996108949416,
            0.0989010989010989
        ],
        "llm_evaluative.pkl": [
            1.0
        ],
        "face_emotions_deepface.pkl": [
            0.014492753623188406,
            0.0,
            0.0,
            0.0,
            0.0,
            0.0,
            0.9855072463768116
        ],
        "videoshot_scalemovement.pkl": [
            0.5
        ],
        "shot_density.pkl": [
            0.26995879926158545
        ],
        "siglip_shot_similarity.pkl": [
            0.24219037118706357,
            0.6319256102285936,
            0.6965306900495616,
            0.9573686144799706
        ],
        "convnextv2_shot_similarity.pkl": [
            0.1369341633329405,
            0.6139250013814259,
            0.6152804392378226,
            0.9597031663295382
        ],
        "places_shot_similarity.pkl": [
            0.29013078618662747,
            0.5755826028404507,
            0.6234126770501103,
            0.9908080749136442
        ],
        "kinetics-vmae_action_shot_similarity.pkl": [
            0.6735380552094621,
            0.8955319978424733,
            0.9372045052149416,
            0.9063845962218914
        ],
        "ssv2-vmae_action_shot_similarity.pkl": [
            0.5937779941611127,
            0.8032649613490056,
            0.7730836261315878,
            0.9120636385982337
        ],
        "kinetics-xclip_action_shot_similarity.pkl": [
            0.4239614758016024,
            0.7796990856369543,
            0.8322272263449532,
            0.9895494112094364
        ],
        "face_analysis.pkl": [
            0.04158469473013747,
            0.004284979717762669,
            1.0,
            0.0
        ],
        "whisperxspeaker_audioclf.pkl": [
            1.0,
            0.0,
            0.0,
            0.0,
            0.0,
            0.0,
            0.0,
            0.0,
            0.0
        ],
        "whisperxspeaker_segmentClf.pkl": [
            1.0,
            0.0
        ],
        "speaker_turns_meta.pkl": [
            1.0,
            0.3333333333333333,
            0.0,
            0.0,
            0.0,
            0.0,
            0.0,
            0.0,
            0.0,
            0.0,
            0.0,
            0.0
        ]
    },
    "40": {
        "start": 267.92,
        "end": 270.88,
        "strategies": [
            0,
            0,
            0,
            0,
            0,
            0
        ],
        "feps": [
            1,
            1,
            0,
            0,
            0
        ],
        "whisperx_ner.pkl": [
            0.0,
            0.16666666666666666,
            0.03,
            0.125,
            0.0,
            0.0
        ],
        "whisperx_sentiment.pkl": [
            0.5
        ],
        "whisperx_pos.pkl": [
            0.06802721088435375,
            0.11904761904761904,
            0.07675438596491228,
            0.09027777777777778,
            0.08641975308641975,
            0.10283687943262411,
            0.0,
            0.0990990990990991,
            0.0,
            0.23529411764705882,
            0.09090909090909091,
            0.0958904109589041,
            0.07392996108949416,
            0.0989010989010989
        ],
        "llm_evaluative.pkl": [
            1.0
        ],
        "face_emotions_deepface.pkl": [
            0.12121212121212122,
            0.0,
            0.0,
            0.0,
            0.696969696969697,
            0.0,
            0.18181818181818182
        ],
        "videoshot_scalemovement.pkl": [
            0.5
        ],
        "shot_density.pkl": [
            0.2699587731676178
        ],