{
    "6": {
        "start": 72.44,
        "end": 107.52,
        "strategies": [
            0,
            0,
            0,
            0,
            0,
            0
        ],
        "feps": [
            0,
            0,
            0,
            0,
            0
        ],
        "whisperx_ner.pkl": [
            0.2,
            0.0,
            0.09,
            0.0625,
            0.0,
            0.0
        ],
        "whisperx_sentiment.pkl": [
            0.5
        ],
        "whisperx_pos.pkl": [
            0.10204081632653061,
            0.13095238095238096,
            0.021929824561403508,
            0.041666666666666664,
            0.030864197530864196,
            0.10638297872340426,
            0.0,
            0.12612612612612611,
            0.09523809523809523,
            0.0,
            0.06060606060606061,
            0.2328767123287671,
            0.054474708171206226,
            0.0989010989010989
        ],
        "llm_evaluative.pkl": [
            0.25
        ],
        "face_emotions_deepface.pkl": [
            0.06040268456375839,
            0.0,
            0.0,
            0.0,
            0.8221476510067114,
            0.09731543624161074,
            0.020134228187919462
        ],
        "videoshot_scalemovement.pkl": [
            0.5
        ],
        "shot_density.pkl": [
            0.042398581758728286
        ],
        "siglip_shot_similarity.pkl": [
            0.35611907386990077,
            0.3824099186361875,
            0.38467403736179945,
            0.4428518926865123
        ],
        "convnextv2_shot_similarity.pkl": [
            0.19971148032126881,
            0.15226322002387035,
            0.19471906551515278,
            0.40492460548592646
        ],
        "places_shot_similarity.pkl": [
            0.5005161839204919,
            0.39805752900170305,
            0.3541334427517503,
            0.4639642884889482
        ],
        "kinetics-vmae_action_shot_similarity.pkl": [
            0.9931889486197515,
            0.9830121723903187,
            0.6703682364327294,
            0.7768015749317179
        ],
        "ssv2-vmae_action_shot_similarity.pkl": [
            0.8257866264974596,
            0.7562537059812949,
            0.5303588059510588,
            0.573317476251602
        ],
        "kinetics-xclip_action_shot_similarity.pkl": [
            0.528090880047884,
            0.4096235339302854,
            0.5630369206040081,
            0.5408417242377909
        ],
        "face_analysis.pkl": [
            0.02384312748925629,
            0.049705764726046965,
            1.0,
            0.7827586206896552
        ],
        "whisperxspeaker_audioclf.pkl": [
            1.0,
            0.0,
            0.0,
            0.0,
            0.0,
            0.0,
            0.0,
            0.0,
            0.0
        ],
        "whisperxspeaker_segmentClf.pkl": [
            0.0,
            1.0
        ],
        "speaker_turns_meta.pkl": [
            1.0,
            0.3333333333333333,
            0.0,
            0.0,
            0.0,
            0.0,
            0.0,
            0.0,
            0.0,
            0.0,
            0.0,
            1.0
        ]
    },
    "7": {
        "start": 107.56,
        "end": 282.28,
        "strategies": [
            0,
            0,
            1,
            0,
            1,
            0
        ],
        "feps": [
            0,
            0,
            0,
            0,
            0
        ],
        "whisperx_ner.pkl": [
            0.0,
            0.0,
            0.14,
            0.0625,
            0.0,
            0.0
        ],
        "whisperx_sentiment.pkl": [
            0.5
        ],
        "whisperx_pos.pkl": [
            0.14965986394557823,
            0.20833333333333334,
            0.10307017543859649,
            0.11805555555555555,
            0.10493827160493827,
            0.20212765957446807,
            0.0,
            0.2132132132132132,
            0.19047619047619047,
            0.2647058823529412,
            0.09090909090909091,
            0.2328767123287671,
            0.16342412451361868,
            0.15384615384615385
        ],
        "llm_evaluative.pkl": [
            1.0
        ],
        "face_emotions_deepface.pkl": [
            0.19409731454400425,
            0.0,
            0.09066737569795268,
            0.0026588673225206062,
            0.7080563679872375,
            0.0,
            0.00452007444828503
        ],
        "videoshot_scalemovement.pkl": [
            0.5
        ],
        "shot_density.pkl": [
            0.00069992748738958
        ],
        "siglip_shot_similarity.pkl": [
            0.3392135244395443,
            0.37466098411468424,
            0.4891345787266489,
            0.41271591326718116
        ],
        "convnextv2_shot_similarity.pkl": [
            0.11721610231934029,
            0.19471906551515278,
            0.23542675640520042,
            0.18567660970914626
        ],
        "places_shot_similarity.pkl": [
            0.4592411152790131,
            0.32351719479073376,
            0.4259182324032217,
            0.44798463018737655
        ],
        "kinetics-vmae_action_shot_similarity.pkl": [
            0.6656690869216325,
            0.6703682364327294,
            0.7623479709208331,
            0.5710175091777077
        ],
        "ssv2-vmae_action_shot_similarity.pkl": [
            0.5137149345345049,
            0.5303588059510588,
            0.5030577253440052,
            0.4896726727717569
        ],
        "kinetics-xclip_action_shot_similarity.pkl": [
            0.4360721782519852,
            0.5630369206040081,
            0.5726098859785654,
            0.28141364713824013
        ],
        "face_analysis.pkl": [
            0.08393148321835124,
            0.24932868651088386,
            0.9997708524289642,
            0.903987167736022
        ],
        "whisperxspeaker_audioclf.pkl": [
            1.0,
            0.0,
            0.0,
            0.0,
            0.0,
            0.0,
            0.0,
            0.0,
            0.0
        ],
        "whisperxspeaker_segmentClf.pkl": [
            1.0,
            0.0
        ],
        "speaker_turns_meta.pkl": [
            1.0,
            0.3333333333333333,
            0.0,
            1.0,
            0.0,
            0.0,
            0.0,
            0.0,
            0.0,
            0.0,
            0.0,
            0.0
        ]
    }
}