{
    "32": {
        "start": 213.92,
        "end": 237.72,
        "strategies": [
            0,
            0,
            0,
            0,
            0,
            0
        ],
        "feps": [
            0,
            1,
            0,
            0,
            0
        ],
        "whisperx_ner.pkl": [
            0.3,
            0.6666666666666666,
            0.09,
            0.0625,
            0.0,
            0.3333333333333333
        ],
        "whisperx_sentiment.pkl": [
            0.5
        ],
        "whisperx_pos.pkl": [
            0.07482993197278912,
            0.13690476190476192,
            0.04824561403508772,
            0.06944444444444445,
            0.037037037037037035,
            0.09574468085106383,
            0.0,
            0.08408408408408409,
            0.38095238095238093,
            0.029411764705882353,
            0.047619047619047616,
            0.3698630136986301,
            0.07392996108949416,
            0.1043956043956044
        ],
        "llm_evaluative.pkl": [
            0.25
        ],
        "face_emotions_deepface.pkl": [
            0.1501597444089457,
            0.0,
            0.08945686900958466,
            0.0,
            0.5079872204472844,
            0.19488817891373802,
            0.05750798722044728
        ],
        "videoshot_scalemovement.pkl": [
            0.5
        ],
        "shot_density.pkl": [
            0.10500243421264183
        ],
        "siglip_shot_similarity.pkl": [
            0.32083792723263505,
            0.5056179775280899,
            0.5425085779641632,
            0.87651598676957
        ],
        "convnextv2_shot_similarity.pkl": [
            0.11713912857098482,
            0.2977790307610614,
            0.537940524987175,
            0.871674567709231
        ],
        "places_shot_similarity.pkl": [
            0.2912838856877683,
            0.4908178884705159,
            0.6080043178297722,
            0.9291543397210125
        ],
        "kinetics-vmae_action_shot_similarity.pkl": [
            0.7289795019165235,
            0.749642908232987,
            0.8947687523797132,
            0.9357177413959197
        ],
        "ssv2-vmae_action_shot_similarity.pkl": [
            0.4308412852477545,
            0.6144069549587897,
            0.8157009749967024,
            0.9040658757319324
        ],
        "kinetics-xclip_action_shot_similarity.pkl": [
            0.3114813651942889,
            0.6231399609842123,
            0.6535777237907494,
            0.8864460743331728
        ],
        "face_analysis.pkl": [
            0.030027298170744093,
            0.03405130549048734,
            1.0,
            1.0
        ],
        "whisperxspeaker_audioclf.pkl": [
            1.0,
            0.0,
            0.0,
            0.0,
            0.0,
            0.0,
            0.0,
            0.0,
            0.0
        ],
        "whisperxspeaker_segmentClf.pkl": [
            1.0,
            1.0
        ],
        "speaker_turns_meta.pkl": [
            1.0,
            0.6666666666666666,
            0.5,
            0.5,
            0.0,
            0.0,
            0.0,
            0.0,
            0.0,
            0.0,
            0.0,
            0.0
        ]
    }
}