{
    "9": {
        "start": 69.4,
        "end": 74.8,
        "strategies": [
            0,
            0,
            0,
            0,
            0,
            0
        ],
        "feps": [
            0,
            0,
            0,
            0,
            0
        ],
        "whisperx_ner.pkl": [
            0.2,
            0.3333333333333333,
            0.11,
            0.125,
            0.0,
            0.0
        ],
        "whisperx_sentiment.pkl": [
            0.5
        ],
        "whisperx_pos.pkl": [
            0.08843537414965986,
            0.22023809523809523,
            0.05701754385964912,
            0.0763888888888889,
            0.043209876543209874,
            0.16666666666666666,
            0.0,
            0.15915915915915915,
            0.09523809523809523,
            0.11764705882352941,
            0.017316017316017316,
            0.2876712328767123,
            0.08949416342412451,
            0.10714285714285714
        ],
        "llm_evaluative.pkl": [
            1.0
        ],
        "face_emotions_deepface.pkl": [
            0.0,
            0.0,
            0.0,
            0.0,
            1.0,
            0.0,
            0.0
        ],
        "videoshot_scalemovement.pkl": [
            0.0
        ],
        "shot_density.pkl": [
            0.39000623074183277
        ],
        "siglip_shot_similarity.pkl": [
            0.2914369717015803,
            0.3103448275862069,
            0.192527640106748,
            0.20176405733186328
        ],
        "convnextv2_shot_similarity.pkl": [
            0.5184953720852578,
            0.5097859649303932,
            0.2271397561700488,
            0.15516118766615797
        ],
        "places_shot_similarity.pkl": [
            0.7886349820178661,
            0.6542071143168832,
            0.5126604477556773,
            0.4131934176420814
        ],
        "kinetics-vmae_action_shot_similarity.pkl": [
            0.7363828837406102,
            0.600067404740185,
            0.8912648081361092,
            0.7194813703420164
        ],
        "ssv2-vmae_action_shot_similarity.pkl": [
            0.28697263631890396,
            0.5200621902235681,
            0.6459825661677806,
            0.6367252327993758
        ],
        "kinetics-xclip_action_shot_similarity.pkl": [
            0.61730041615189,
            0.6010177601360972,
            0.4098517001821543,
            0.3149536202011331
        ],
        "face_analysis.pkl": [
            0.029351120949468026,
            0.00017139918871050678,
            1.0,
            1.0
        ],
        "whisperxspeaker_audioclf.pkl": [
            1.0,
            0.0,
            0.0,
            0.0,
            0.0,
            0.0,
            0.0,
            0.0,
            0.0
        ],
        "whisperxspeaker_segmentClf.pkl": [
            0.0,
            1.0
        ],
        "speaker_turns_meta.pkl": [
            1.0,
            0.3333333333333333,
            0.0,
            1.0,
            0.0,
            0.0,
            0.0,
            0.0,
            0.0,
            0.0,
            0.0,
            1.0
        ]
    },
    "10": {
        "start": 74.84,
        "end": 80.56,
        "strategies": [
            1,
            0,
            0,
            0,
            0,
            0
        ],
        "feps": [
            0,
            0,
            0,
            0,
            0
        ],
        "whisperx_ner.pkl": [
            0.2,
            0.3333333333333333,
            0.11,
            0.125,
            0.0,
            0.0
        ],
        "whisperx_sentiment.pkl": [
            0.5
        ],
        "whisperx_pos.pkl": [
            0.08843537414965986,
            0.22023809523809523,
            0.05701754385964912,
            0.0763888888888889,
            0.043209876543209874,
            0.16666666666666666,
            0.0,
            0.15915915915915915,
            0.09523809523809523,
            0.11764705882352941,
            0.017316017316017316,
            0.2876712328767123,
            0.08949416342412451,
            0.10714285714285714
        ],
        "llm_evaluative.pkl": [
            1.0
        ],
        "face_emotions_deepface.pkl": [
            0.19402985074626866,
            0.0,
            0.014925373134328358,
            0.0,
            0.47761194029850745,
            0.31343283582089554,
            0.0
        ],
        "videoshot_scalemovement.pkl": [
            0.5
        ],
        "shot_density.pkl": [
            0.3540652114093608
        ],
        "siglip_shot_similarity.pkl": [
            0.1870635795663359,
            0.17938783417280124,
            0.40373617994662603,
            0.36199926497611173
        ],
        "convnextv2_shot_similarity.pkl": [
            0.18288848909382036,
            0.2271397561700488,
            0.16612507092930553,
            0.26969929429622064
        ],
        "places_shot_similarity.pkl": [
            0.5100306276344793,
            0.48955891322772066,
            0.41751477970484335,
            0.5030576780595661
        ],
        "kinetics-vmae_action_shot_similarity.pkl": [
            0.6292532533400722,
            0.8912648081361092,
            0.8022486178194362,
            0.8337144737252721
        ],
        "ssv2-vmae_action_shot_similarity.pkl": [
            0.5344483912637218,
            0.6459825661677806,
            0.7320927548717052,
            0.7385270346457432
        ],
        "kinetics-xclip_action_shot_similarity.pkl": [
            0.5388945866071974,
            0.4098517001821543,
            0.35027126466100256,
            0.38262022348309055
        ],
        "face_analysis.pkl": [
            0.031055017200475557,
            0.008227161058104325,
            1.0,
            1.0
        ],
        "whisperxspeaker_audioclf.pkl": [
            1.0,
            0.0,
            0.0,
            0.0,
            0.0,
            0.0,
            0.0,
            0.0,
            0.0
        ],
        "whisperxspeaker_segmentClf.pkl": [
            0.0,
            1.0
        ],
        "speaker_turns_meta.pkl": [
            1.0,
            0.3333333333333333,
            0.0,
            1.0,
            0.0,
            0.0,
            0.0,
            0.0,
            0.0,
            0.0,
            0.0,
            1.0
        ]
    },
    "11": {
        "start": 80.6,
        "end": 84.32,
        "strategies": [
            0,
            0,
            0,
            0,
            0,
            0
        ],
        "feps": [
            0,
            0,
            0,
            0,
            0
        ],
        "whisperx_ner.pkl": [
            0.2,
            0.3333333333333333,
            0.11,
            0.125,
            0.0,
            0.0
        ],
        "whisperx_sentiment.pkl": [
            0.5
        ],
        "whisperx_pos.pkl": [
            0.08843537414965986,
            0.22023809523809523,
            0.05701754385964912,
            0.0763888888888889,
            0.043209876543209874,
            0.16666666666666666,
            0.0,
            0.15915915915915915,
            0.09523809523809523,
            0.11764705882352941,
            0.017316017316017316,
            0.2876712328767123,
            0.08949416342412451,
            0.10714285714285714
        ],
        "llm_evaluative.pkl": [
            1.0
        ],
        "face_emotions_deepface.pkl": [
            0.08823529411764706,
            0.0,
            0.27941176470588236,
            0.0,
            0.27941176470588236,
            0.0,
            0.35294117647058826
        ],
        "videoshot_scalemovement.pkl": [
            0.75
        ],
        "shot_density.pkl": [
            0.3041621119000306
        ],