{
    "119": {
        "start": 799.6,
        "end": 802.36,
        "strategies": [
            0,
            0,
            0,
            0,
            0,
            0
        ],
        "feps": [
            0,
            0,
            0,
            0,
            0
        ],
        "whisperx_ner.pkl": [
            0.2,
            0.3333333333333333,
            0.23,
            0.3125,
            0.0,
            0.0
        ],
        "whisperx_sentiment.pkl": [
            0.5
        ],
        "whisperx_pos.pkl": [
            0.1836734693877551,
            0.23809523809523808,
            0.03728070175438596,
            0.09722222222222222,
            0.018518518518518517,
            0.19858156028368795,
            0.0,
            0.1981981981981982,
            0.23809523809523808,
            0.0,
            0.030303030303030304,
            0.4931506849315068,
            0.10116731517509728,
            0.10989010989010989
        ],
        "llm_evaluative.pkl": [
            0.25
        ],
        "face_emotions_deepface.pkl": [
            0.0,
            0.0,
            0.0,
            0.0,
            0.0,
            0.0,
            0.0
        ],
        "videoshot_scalemovement.pkl": [
            0.75
        ],
        "shot_density.pkl": [
            0.5496505241145836
        ],
        "siglip_shot_similarity.pkl": [
            0.1940463065049614,
            0.16582719876017046,
            0.43423560808234846,
            0.3766997427416391
        ],
        "convnextv2_shot_similarity.pkl": [
            0.1615446623903988,
            0.1927872540316622,
            0.19163929112887118,
            0.14144592420420377
        ],
        "places_shot_similarity.pkl": [
            0.5814518736223365,
            0.5536214508029531,
            0.6423104007185715,
            0.5732020738156126
        ],
        "kinetics-vmae_action_shot_similarity.pkl": [
            0.6325677042562198,
            0.605717673580385,
            0.6470852062529937,
            0.7634839332538408
        ],
        "ssv2-vmae_action_shot_similarity.pkl": [
            0.5525223578569997,
            0.5559604429089642,
            0.6004010796689551,
            0.752078502695478
        ],
        "kinetics-xclip_action_shot_similarity.pkl": [
            0.4104039406723903,
            0.3413492648410679,
            0.5057391859702463,
            0.4960651481666381
        ],
        "face_analysis.pkl": [
            0.0,
            0.0,
            0.5,
            0.5
        ],
        "whisperxspeaker_audioclf.pkl": [
            1.0,
            0.0,
            0.0,
            0.0,
            0.0,
            0.0,
            0.0,
            0.0,
            0.0
        ],
        "whisperxspeaker_segmentClf.pkl": [
            0.0,
            1.0
        ],
        "speaker_turns_meta.pkl": [
            0.0,
            0.3333333333333333,
            0.0,
            1.0,
            0.0,
            0.0,
            0.0,
            0.0,
            0.0,
            0.0,
            0.0,
            1.0
        ]
    },
    "120": {
        "start": 802.4,
        "end": 807.0,
        "strategies": [
            0,
            0,
            0,
            0,
            0,
            0
        ],
        "feps": [
            0,
            0,
            0,
            0,
            0
        ],
        "whisperx_ner.pkl": [
            0.2,
            0.3333333333333333,
            0.23,
            0.3125,
            0.0,
            0.0
        ],
        "whisperx_sentiment.pkl": [
            0.5
        ],
        "whisperx_pos.pkl": [
            0.1836734693877551,
            0.23809523809523808,
            0.03728070175438596,
            0.09722222222222222,
            0.018518518518518517,
            0.19858156028368795,
            0.0,
            0.1981981981981982,
            0.23809523809523808,
            0.0,
            0.030303030303030304,
            0.4931506849315068,
            0.10116731517509728,
            0.10989010989010989
        ],
        "llm_evaluative.pkl": [
            0.25
        ],
        "face_emotions_deepface.pkl": [
            0.0,
            0.0,
            0.0,
            0.0,
            0.0,
            0.0,
            0.0
        ],
        "videoshot_scalemovement.pkl": [
            0.25
        ],
        "shot_density.pkl": [
            0.5577121407566298
        ],
        "siglip_shot_similarity.pkl": [
            0.2892319000367512,
            0.42502905850445566,
            0.5440335493709493,
            0.5633958103638368
        ],
        "convnextv2_shot_similarity.pkl": [
            0.2685924776623847,
            0.19163929112887118,
            0.4508828080013048,
            0.34743794699935415
        ],
        "places_shot_similarity.pkl": [
            0.5110507753586759,
            0.6253547101943018,
            0.6345943498595322,
            0.5495769538815517
        ],
        "kinetics-vmae_action_shot_similarity.pkl": [
            0.4732195241075017,
            0.6470852062529937,
            0.6324093995706512,
            0.5493026595331449
        ],
        "ssv2-vmae_action_shot_similarity.pkl": [
            0.4622313766311835,
            0.6004010796689551,
            0.520013165369427,
            0.39549297499751795
        ],
        "kinetics-xclip_action_shot_similarity.pkl": [
            0.3017614833790831,
            0.5057391859702463,
            0.6821625481909968,
            0.5775763703078931
        ],
        "face_analysis.pkl": [
            0.0,
            0.0,
            0.5,
            0.5
        ],
        "whisperxspeaker_audioclf.pkl": [
            1.0,
            0.0,
            0.0,
            0.0,
            0.0,
            0.0,
            0.0,
            0.0,
            0.0
        ],
        "whisperxspeaker_segmentClf.pkl": [
            0.0,
            1.0
        ],
        "speaker_turns_meta.pkl": [
            0.0,
            0.3333333333333333,
            0.0,
            1.0,
            0.0,
            0.0,
            0.0,
            0.0,
            0.0,
            0.0,
            0.0,
            1.0
        ]
    },
    "121": {
        "start": 807.04,
        "end": 813.6,
        "strategies": [
            0,
            0,
            0,
            0,
            0,
            0
        ],
        "feps": [
            0,
            0,
            0,
            0,
            0
        ],
        "whisperx_ner.pkl": [
            0.2,
            0.3333333333333333,
            0.23,
            0.3125,
            0.0,
            0.0
        ],
        "whisperx_sentiment.pkl": [
            0.5
        ],
        "whisperx_pos.pkl": [
            0.1836734693877551,
            0.23809523809523808,
            0.03728070175438596,
            0.09722222222222222,
            0.018518518518518517,
            0.19858156028368795,
            0.0,
            0.1981981981981982,
            0.23809523809523808,
            0.0,
            0.030303030303030304,
            0.4931506849315068,
            0.10116731517509728,
            0.10989010989010989
        ],
        "llm_evaluative.pkl": [
            0.25
        ],
        "face_emotions_deepface.pkl": [
            0.0,
            0.0,
            0.0,
            0.0,
            0.0,
            0.0,
            0.0
        ],
        "videoshot_scalemovement.pkl": [
            0.75
        ],
        "shot_density.pkl": [
            0.5782213094451333
        ],
        "siglip_shot_similarity.pkl": [
            0.3766997427416391,
            0.5366137156141031,
            0.6812809759817003,
            0.3568540977581771
        ],
        "convnextv2_shot_similarity.pkl": [
            0.14144592420420377,
            0.4508828376257717,
            0.6442443989779648,
            0.25894649363921357
        ],