{
    "0": {
        "start": 0.0,
        "end": 15.04,
        "strategies": [
            "fragmentation"
        ],
        "stories": [
            "story01:gas-russia"
        ],
        "feps": [],
        "whisperx_ner.pkl": [
            2.0,
            2.0,
            9.0,
            7.0,
            0.0,
            0.0
        ],
        "whisperx_sentiment.pkl": [
            0.5
        ],
        "whisperx_pos.pkl": [
            21.0,
            33.0,
            30.0,
            15.0,
            17.0,
            36.0,
            0.0,
            54.0,
            0.0,
            8.0,
            21.0,
            22.0,
            29.0,
            41.0
        ],
        "llm_evaluative.pkl": [
            1.0
        ],
        "face_emotions_deepface.pkl": [
            0.0,
            0.0,
            0.0,
            0.24722222222222223,
            0.005555555555555556,
            0.0,
            0.7472222222222222
        ],
        "videoshot_scalemovement.pkl": [
            0.5
        ],
        "shot_density.pkl": [
            0.19216688323150766
        ],
        "siglip_shot_similarity.pkl": [
            0.5,
            0.5,
            0.55029296875,
            0.89306640625
        ],
        "convnextv2_shot_similarity.pkl": [
            0.5,
            0.5,
            0.3242688775062561,
            0.7799327969551086
        ],
        "places_shot_similarity.pkl": [
            0.5,
            0.5,
            0.6569459438323975,
            0.9331753849983215
        ],
        "kinetics-vmae_action_shot_similarity.pkl": [
            0.0,
            0.0,
            0.8119049668312073,
            0.973788857460022
        ],
        "ssv2-vmae_action_shot_similarity.pkl": [
            0.0,
            0.0,
            0.22375427186489105,
            0.7054869532585144
        ],
        "kinetics-xclip_action_shot_similarity.pkl": [
            0.0,
            0.0,
            0.6455011367797852,
            0.9518822431564331
        ],
        "face_analysis.pkl": [
            0.015115097949823195,
            377,
            1.0,
            0.0
        ],
        "whisperxspeaker_audioclf.pkl": [
            1.0,
            0.0,
            0.0,
            0.0,
            0.0,
            0.0,
            0.0,
            0.0,
            0.0
        ],
        "whisperxspeaker_segmentClf.pkl": [
            0,
            1
        ],
        "speaker_turns_meta.pkl": [
            0.0,
            1,
            1.0,
            0.0,
            0.0,
            0.0,
            0.0,
            0.0,
            0.0,
            0.0,
            0.0,
            0.0
        ]
    },
    "1": {
        "start": 15.08,
        "end": 33.0,
        "strategies": [
            "fragmentation"
        ],
        "stories": [
            "story01:gas-russia"
        ],
        "feps": [],
        "whisperx_ner.pkl": [
            2.0,
            2.0,
            9.0,
            7.0,
            0.0,
            0.0
        ],
        "whisperx_sentiment.pkl": [
            0.5
        ],
        "whisperx_pos.pkl": [
            21.0,
            33.0,
            30.0,
            15.0,
            17.0,
            36.0,
            0.0,
            54.0,
            0.0,
            8.0,
            21.0,
            22.0,
            29.0,
            41.0
        ],
        "llm_evaluative.pkl": [
            1.0
        ],
        "face_emotions_deepface.pkl": [
            0.0,
            0.0,
            0.0,
            0.0,
            0.0,
            0.0,
            0.0
        ],
        "videoshot_scalemovement.pkl": [
            0
        ],
        "shot_density.pkl": [
            0.2342084673176689
        ],
        "siglip_shot_similarity.pkl": [
            0.5,
            0.55029296875,
            0.537109375,
            0.46923828125
        ],
        "convnextv2_shot_similarity.pkl": [
            0.5,
            0.3242688775062561,
            0.26425448060035706,
            0.6191797256469727
        ],
        "places_shot_similarity.pkl": [
            0.5,
            0.6569458842277527,
            0.6657560467720032,
            0.7822936773300171
        ],
        "kinetics-vmae_action_shot_similarity.pkl": [
            0.0,
            0.8119049668312073,
            0.7847172021865845,
            0.8454394340515137
        ],
        "ssv2-vmae_action_shot_similarity.pkl": [
            0.0,
            0.22375427186489105,
            0.19407689571380615,
            0.28072047233581543
        ],
        "kinetics-xclip_action_shot_similarity.pkl": [
            0.0,
            0.6455011367797852,
            0.6310985684394836,
            0.6647908687591553
        ],
        "face_analysis.pkl": [
            0,
            0,
            0.5,
            0.5
        ],
        "whisperxspeaker_audioclf.pkl": [
            1.0,
            0.0,
            0.0,
            0.0,
            0.0,
            0.0,
            0.0,
            0.0,
            0.0
        ],
        "whisperxspeaker_segmentClf.pkl": [
            0,
            1
        ],
        "speaker_turns_meta.pkl": [
            0.0,
            1,
            1.0,
            0.0,
            0.0,
            0.0,
            0.0,
            0.0,
            0.0,
            0.0,
            0.0,
            0.0
        ]
    },
    "2": {
        "start": 33.04,
        "end": 37.16,
        "strategies": [
            "fragmentation"
        ],
        "stories": [
            "story01:gas-russia"
        ],
        "feps": [],
        "whisperx_ner.pkl": [
            2.0,
            2.0,
            9.0,
            7.0,
            0.0,
            0.0
        ],
        "whisperx_sentiment.pkl": [
            0.5
        ],
        "whisperx_pos.pkl": [
            21.0,
            33.0,
            30.0,
            15.0,
            17.0,
            36.0,
            0.0,
            54.0,
            0.0,
            8.0,
            21.0,
            22.0,
            29.0,
            41.0
        ],
        "llm_evaluative.pkl": [
            1.0
        ],
        "face_emotions_deepface.pkl": [
            0.0,
            0.0,
            0.01,
            0.09,
            0.01,
            0.0,
            0.89
        ],
        "videoshot_scalemovement.pkl": [
            0.5
        ],
        "shot_density.pkl": [
            0.26717311669761745
        ],
        "siglip_shot_similarity.pkl": [
            0.89306640625,
            0.537109375,
            0.64453125,
            0.6640625
        ],
        "convnextv2_shot_similarity.pkl": [
            0.7799327969551086,
            0.26425448060035706,
            0.46281495690345764,
            0.43985283374786377
        ],
        "places_shot_similarity.pkl": [
            0.9331753849983215,
            0.6657559871673584,
            0.8072846531867981,
            0.7962058782577515
        ],
        "kinetics-vmae_action_shot_similarity.pkl": [
            0.973788857460022,
            0.7847172021865845,
            0.8757626414299011,
            0.8570622801780701
        ],
        "ssv2-vmae_action_shot_similarity.pkl": [
            0.7054869532585144,
            0.19407689571380615,
            0.4086601436138153,
            0.44200772047042847
        ],
        "kinetics-xclip_action_shot_similarity.pkl": [
            0.9518822431564331,
            0.6310985684394836,
            0.7104130983352661,
            0.7603720426559448
        ],
        "face_analysis.pkl": [
            0.014973530565571585,
            104,
            1.0,
            0.0
        ],
        "whisperxspeaker_audioclf.pkl": [
            1.0,
            0.0,
            0.0,
            0.0,
            0.0,
            0.0,
            0.0,
            0.0,
            0.0
        ],
        "whisperxspeaker_segmentClf.pkl": [
            0,
            1
        ],