{
    "0": {
        "start": 0.0,
        "end": 15.04,
        "strategies": [
            1,
            0,
            0,
            0,
            0,
            0
        ],
        "feps": [
            0,
            0,
            0,
            0,
            0
        ],
        "whisperx_ner.pkl": [
            0.2,
            0.3333333333333333,
            0.09,
            0.4375,
            0.0,
            0.0
        ],
        "whisperx_sentiment.pkl": [
            0.5
        ],
        "whisperx_pos.pkl": [
            0.14285714285714285,
            0.19642857142857142,
            0.06578947368421052,
            0.10416666666666667,
            0.10493827160493827,
            0.1276595744680851,
            0.0,
            0.16216216216216217,
            0.0,
            0.23529411764705882,
            0.09090909090909091,
            0.3013698630136986,
            0.11284046692607004,
            0.11263736263736264
        ],
        "llm_evaluative.pkl": [
            1.0
        ],
        "face_emotions_deepface.pkl": [
            0.0,
            0.0,
            0.0,
            0.24722222222222223,
            0.005555555555555556,
            0.0,
            0.7472222222222222
        ],
        "videoshot_scalemovement.pkl": [
            0.5
        ],
        "shot_density.pkl": [
            0.17852682548507437
        ],
        "siglip_shot_similarity.pkl": [
            0.25027563395810365,
            0.2607516466485858,
            0.3511246664125048,
            0.8419698640205807
        ],
        "convnextv2_shot_similarity.pkl": [
            0.5254219259023596,
            0.5428756352957659,
            0.36819324827739097,
            0.7932542432464901
        ],
        "places_shot_similarity.pkl": [
            0.3529042886422522,
            0.2698459169522688,
            0.5318903054859345,
            0.914989214007146
        ],
        "kinetics-vmae_action_shot_similarity.pkl": [
            0.0,
            0.0,
            0.8159918285231077,
            0.9785800876701767
        ],
        "ssv2-vmae_action_shot_similarity.pkl": [
            0.18017098361808095,
            0.16406545724391028,
            0.35467966288215186,
            0.7656776577451578
        ],
        "kinetics-xclip_action_shot_similarity.pkl": [
            0.0,
            0.0,
            0.6614843517225987,
            0.9543522526929638
        ],
        "face_analysis.pkl": [
            0.0315432259489425,
            0.021539164714620352,
            1.0,
            0.0
        ],
        "whisperxspeaker_audioclf.pkl": [
            1.0,
            0.0,
            0.0,
            0.0,
            0.0,
            0.0,
            0.0,
            0.0,
            0.0
        ],
        "whisperxspeaker_segmentClf.pkl": [
            0.0,
            1.0
        ],
        "speaker_turns_meta.pkl": [
            0.0,
            0.3333333333333333,
            1.0,
            0.0,
            0.0,
            0.0,
            0.0,
            0.0,
            0.0,
            0.0,
            0.0,
            0.0
        ]
    },
    "1": {
        "start": 15.08,
        "end": 33.0,
        "strategies": [
            1,
            0,
            0,
            0,
            0,
            0
        ],
        "feps": [
            0,
            0,
            0,
            0,
            0
        ],
        "whisperx_ner.pkl": [
            0.2,
            0.3333333333333333,
            0.09,
            0.4375,
            0.0,
            0.0
        ],
        "whisperx_sentiment.pkl": [
            0.5
        ],
        "whisperx_pos.pkl": [
            0.14285714285714285,
            0.19642857142857142,
            0.06578947368421052,
            0.10416666666666667,
            0.10493827160493827,
            0.1276595744680851,
            0.0,
            0.16216216216216217,
            0.0,
            0.23529411764705882,
            0.09090909090909091,
            0.3013698630136986,
            0.11284046692607004,
            0.11263736263736264
        ],
        "llm_evaluative.pkl": [
            1.0
        ],
        "face_emotions_deepface.pkl": [
            0.0,
            0.0,
            0.0,
            0.0,
            0.0,
            0.0,
            0.0
        ],
        "videoshot_scalemovement.pkl": [
            0.0
        ],
        "shot_density.pkl": [
            0.22128267663099793
        ],
        "siglip_shot_similarity.pkl": [
            0.25027563395810365,
            0.3405656722200697,
            0.3305375524208921,
            0.2039691289966924
        ],
        "convnextv2_shot_similarity.pkl": [
            0.5254219259023596,
            0.36819324827739097,
            0.30853700777642995,
            0.6394499442255761
        ],
        "places_shot_similarity.pkl": [
            0.3529042886422522,
            0.5097002398256291,
            0.5447450851507722,
            0.7192063220075671
        ],
        "kinetics-vmae_action_shot_similarity.pkl": [
            0.0,
            0.8159918285231077,
            0.7886672096426398,
            0.8495991601833667
        ],
        "ssv2-vmae_action_shot_similarity.pkl": [
            0.18017098361808095,
            0.35467966288215186,
            0.3293977791741074,
            0.4131500760840148
        ],
        "kinetics-xclip_action_shot_similarity.pkl": [
            0.0,
            0.6614843517225987,
            0.6467251622512176,
            0.6665159138447623
        ],
        "face_analysis.pkl": [
            0.0,
            0.0,
            0.5,
            0.5
        ],
        "whisperxspeaker_audioclf.pkl": [
            1.0,
            0.0,
            0.0,
            0.0,
            0.0,
            0.0,
            0.0,
            0.0,
            0.0
        ],
        "whisperxspeaker_segmentClf.pkl": [
            0.0,
            1.0
        ],
        "speaker_turns_meta.pkl": [
            0.0,
            0.3333333333333333,
            1.0,
            0.0,
            0.0,
            0.0,
            0.0,
            0.0,
            0.0,
            0.0,
            0.0,
            0.0
        ]
    },
    "2": {
        "start": 33.04,
        "end": 37.16,
        "strategies": [
            1,
            0,
            0,
            0,
            0,
            0
        ],
        "feps": [
            0,
            0,
            0,
            0,
            0
        ],
        "whisperx_ner.pkl": [
            0.2,
            0.3333333333333333,
            0.09,
            0.4375,
            0.0,
            0.0
        ],
        "whisperx_sentiment.pkl": [
            0.5
        ],
        "whisperx_pos.pkl": [
            0.14285714285714285,
            0.19642857142857142,
            0.06578947368421052,
            0.10416666666666667,
            0.10493827160493827,
            0.1276595744680851,
            0.0,
            0.16216216216216217,
            0.0,
            0.23529411764705882,
            0.09090909090909091,
            0.3013698630136986,
            0.11284046692607004,
            0.11263736263736264
        ],
        "llm_evaluative.pkl": [
            1.0
        ],
        "face_emotions_deepface.pkl": [
            0.0,
            0.0,
            0.01,
            0.09,
            0.01,
            0.0,
            0.89
        ],
        "videoshot_scalemovement.pkl": [
            0.5
        ],
        "shot_density.pkl": [
            0.2548073801502115
        ],
        "siglip_shot_similarity.pkl": [
            0.8419698640205807,
            0.31964354901201086,
            0.4982844071673656,
            0.4972436604189636
        ],
        "convnextv2_shot_similarity.pkl": [
            0.7932542432464901,
            0.30853700777642995,
            0.5059125066404169,
            0.46787470351821103
        ],