{
    "85": {
        "start": 696.28,
        "end": 726.12,
        "strategies": [
            1,
            0,
            0,
            0,
            0,
            0
        ],
        "feps": [
            0,
            0,
            0,
            0,
            0
        ],
        "whisperx_ner.pkl": [
            0.1,
            0.5,
            0.12,
            0.125,
            0.0,
            0.0
        ],
        "whisperx_sentiment.pkl": [
            0.75
        ],
        "whisperx_pos.pkl": [
            0.11564625850340136,
            0.13095238095238096,
            0.039473684210526314,
            0.06944444444444445,
            0.037037037037037035,
            0.09574468085106383,
            0.0,
            0.12312312312312312,
            0.09523809523809523,
            0.08823529411764706,
            0.017316017316017316,
            0.3287671232876712,
            0.07392996108949416,
            0.08791208791208792
        ],
        "llm_evaluative.pkl": [
            0.5
        ],
        "face_emotions_deepface.pkl": [
            0.06851851851851852,
            0.0,
            0.43703703703703706,
            0.07592592592592592,
            0.046296296296296294,
            0.22592592592592592,
            0.14629629629629629
        ],
        "videoshot_scalemovement.pkl": [
            0.5
        ],
        "shot_density.pkl": [
            0.3231482372669362
        ],
        "siglip_shot_similarity.pkl": [
            0.34509371554575524,
            0.30337078651685395,
            0.2584826534502478,
            0.3877251010657846
        ],
        "convnextv2_shot_similarity.pkl": [
            0.22812681214750252,
            0.1470365160880444,
            0.21679339630937058,
            0.37286454742805974
        ],
        "places_shot_similarity.pkl": [
            0.56085579488766,
            0.4984584590092017,
            0.3509981285171836,
            0.5622720305397723
        ],
        "kinetics-vmae_action_shot_similarity.pkl": [
            0.6248007421111605,
            0.7641100070280165,
            0.8056034593272418,
            0.5982891479420306
        ],
        "ssv2-vmae_action_shot_similarity.pkl": [
            0.28585796506214917,
            0.6512269815330026,
            0.6992845912966615,
            0.4467361191874234
        ],
        "kinetics-xclip_action_shot_similarity.pkl": [
            0.6239278432613667,
            0.5348023318584832,
            0.42104329911969546,
            0.7024818758973608
        ],
        "face_analysis.pkl": [
            0.0368249848102474,
            0.042678397988916185,
            1.0,
            0.0
        ],
        "whisperxspeaker_audioclf.pkl": [
            1.0,
            0.0,
            0.0,
            0.0,
            0.0,
            0.0,
            0.0,
            0.0,
            0.0
        ],
        "whisperxspeaker_segmentClf.pkl": [
            1.0,
            1.0
        ],
        "speaker_turns_meta.pkl": [
            0.0,
            0.6666666666666666,
            1.0,
            0.0,
            0.0,
            0.0,
            0.0,
            0.0,
            0.0,
            0.0,
            0.0,
            0.5
        ]
    },
    "86": {
        "start": 726.16,
        "end": 730.0,
        "strategies": [
            1,
            0,
            0,
            0,
            0,
            0
        ],
        "feps": [
            0,
            0,
            0,
            0,
            0
        ],
        "whisperx_ner.pkl": [
            0.1,
            0.3333333333333333,
            0.11,
            0.125,
            0.0,
            0.0
        ],
        "whisperx_sentiment.pkl": [
            0.5
        ],
        "whisperx_pos.pkl": [
            0.08843537414965986,
            0.125,
            0.02850877192982456,
            0.0625,
            0.037037037037037035,
            0.08865248226950355,
            0.0,
            0.1111111111111111,
            0.09523809523809523,
            0.08823529411764706,
            0.012987012987012988,
            0.3150684931506849,
            0.06614785992217899,
            0.07967032967032966
        ],
        "llm_evaluative.pkl": [
            0.25
        ],
        "face_emotions_deepface.pkl": [
            0.0,
            0.0,
            0.0,
            0.0,
            0.0,
            0.0,
            1.0
        ],
        "videoshot_scalemovement.pkl": [
            0.25
        ],
        "shot_density.pkl": [
            0.5253383112694917
        ],
        "siglip_shot_similarity.pkl": [
            0.2105843439911797,
            0.24641611778380473,
            0.10598551277163554,
            0.4009555310547593
        ],
        "convnextv2_shot_similarity.pkl": [
            0.06358343308656124,
            0.21679339630937058,
            0.07454247584570947,
            0.13527902814476533
        ],
        "places_shot_similarity.pkl": [
            0.26591898371940137,
            0.32023334720352825,
            0.2316809888428524,
            0.29388985289880304
        ],
        "kinetics-vmae_action_shot_similarity.pkl": [
            0.9045444724919741,
            0.8056034593272418,
            0.7016373385359346,
            0.6211041425215691
        ],
        "ssv2-vmae_action_shot_similarity.pkl": [
            0.7113714152942597,
            0.6992845912966615,
            0.4790011202471137,
            0.5916780842568938
        ],
        "kinetics-xclip_action_shot_similarity.pkl": [
            0.3855573936191637,
            0.42104329911969546,
            0.37812086294058445,
            0.3487942423577104
        ],
        "face_analysis.pkl": [
            0.19676925989742466,
            0.005541907101639719,
            1.0,
            1.0
        ],
        "whisperxspeaker_audioclf.pkl": [
            1.0,
            0.0,
            0.0,
            0.0,
            0.0,
            0.0,
            0.0,
            0.0,
            0.0
        ],
        "whisperxspeaker_segmentClf.pkl": [
            0.0,
            1.0
        ],
        "speaker_turns_meta.pkl": [
            0.0,
            0.3333333333333333,
            1.0,
            0.0,
            0.0,
            0.0,
            0.0,
            0.0,
            0.0,
            0.0,
            0.0,
            0.0
        ]
    },
    "87": {
        "start": 730.04,
        "end": 734.36,
        "strategies": [
            1,
            0,
            0,
            0,
            0,
            0
        ],
        "feps": [
            0,
            0,
            0,
            0,
            0
        ],
        "whisperx_ner.pkl": [
            0.1,
            0.3333333333333333,
            0.11,
            0.125,
            0.0,
            0.0
        ],
        "whisperx_sentiment.pkl": [
            0.5
        ],
        "whisperx_pos.pkl": [
            0.08843537414965986,
            0.125,
            0.02850877192982456,
            0.0625,
            0.037037037037037035,
            0.08865248226950355,
            0.0,
            0.1111111111111111,
            0.09523809523809523,
            0.08823529411764706,
            0.012987012987012988,
            0.3150684931506849,
            0.06614785992217899,
            0.07967032967032966
        ],
        "llm_evaluative.pkl": [
            0.25
        ],
        "face_emotions_deepface.pkl": [
            0.0,
            0.0,
            0.0,
            0.0,
            0.0,
            0.0,
            0.0
        ],
        "videoshot_scalemovement.pkl": [
            0.75
        ],
        "shot_density.pkl": [
            0.5947742787720672
        ],
        "siglip_shot_similarity.pkl": [
            0.3877251010657846,
            0.09143742735373886,
            0.4723598932520015,
            0.7008452774715178
        ],