{
    "77": {
        "start": 662.24,
        "end": 665.4,
        "strategies": [
            0,
            0,
            0,
            0,
            0,
            0
        ],
        "feps": [
            0,
            0,
            0,
            0,
            0
        ],
        "whisperx_ner.pkl": [
            0.0,
            0.0,
            0.02,
            0.0,
            0.0,
            0.0
        ],
        "whisperx_sentiment.pkl": [
            1.0
        ],
        "whisperx_pos.pkl": [
            0.02040816326530612,
            0.03571428571428571,
            0.0021929824561403508,
            0.0,
            0.0,
            0.01773049645390071,
            0.0,
            0.012012012012012012,
            0.0,
            0.0,
            0.004329004329004329,
            0.0136986301369863,
            0.0038910505836575876,
            0.008241758241758242
        ],
        "llm_evaluative.pkl": [
            0.25
        ],
        "face_emotions_deepface.pkl": [
            0.11392405063291139,
            0.0,
            0.06329113924050633,
            0.3291139240506329,
            0.3924050632911392,
            0.0,
            0.10126582278481013
        ],
        "videoshot_scalemovement.pkl": [
            0.5
        ],
        "shot_density.pkl": [
            0.5976577321439183
        ],
        "siglip_shot_similarity.pkl": [
            0.2686512311650129,
            0.37466098411468424,
            0.7704918032786885,
            0.4935685409775818
        ],
        "convnextv2_shot_similarity.pkl": [
            0.1657437592890172,
            0.24837664772302978,
            0.470869754424353,
            0.4107942280452797
        ],
        "places_shot_similarity.pkl": [
            0.3345960013921652,
            0.3899625941976918,
            0.7390171597380464,
            0.6300527618990386
        ],
        "kinetics-vmae_action_shot_similarity.pkl": [
            0.6447788518205341,
            0.6116324215602197,
            0.5949804195579658,
            0.6575592092349641
        ],
        "ssv2-vmae_action_shot_similarity.pkl": [
            0.3171189577442229,
            0.300038784473552,
            0.2503085157428365,
            0.2800700667464649
        ],
        "kinetics-xclip_action_shot_similarity.pkl": [
            0.4669299741588787,
            0.4610190281675223,
            0.7400535578359762,
            0.47794095588842556
        ],
        "face_analysis.pkl": [
            0.03295743066806097,
            0.008569959435525338,
            0.9733333333333334,
            0.43333333333333335
        ],
        "whisperxspeaker_audioclf.pkl": [
            1.0,
            0.0,
            0.0,
            0.0,
            0.0,
            0.0,
            0.0,
            0.0,
            0.0
        ],
        "whisperxspeaker_segmentClf.pkl": [
            1.0,
            0.0
        ],
        "speaker_turns_meta.pkl": [
            0.0,
            0.3333333333333333,
            0.0,
            1.0,
            0.0,
            0.0,
            0.0,
            0.0,
            0.0,
            0.0,
            0.0,
            1.0
        ]
    },
    "78": {
        "start": 665.44,
        "end": 667.68,
        "strategies": [
            0,
            0,
            0,
            0,
            0,
            0
        ],
        "feps": [
            0,
            0,
            0,
            0,
            0
        ],
        "whisperx_ner.pkl": [
            0.0,
            0.0,
            0.02,
            0.0,
            0.0,
            0.0
        ],
        "whisperx_sentiment.pkl": [
            1.0
        ],
        "whisperx_pos.pkl": [
            0.02040816326530612,
            0.03571428571428571,
            0.0021929824561403508,
            0.0,
            0.0,
            0.01773049645390071,
            0.0,
            0.012012012012012012,
            0.0,
            0.0,
            0.004329004329004329,
            0.0136986301369863,
            0.0038910505836575876,
            0.008241758241758242
        ],
        "llm_evaluative.pkl": [
            0.25
        ],
        "face_emotions_deepface.pkl": [
            0.3924050632911392,
            0.0,
            0.08860759493670886,
            0.0379746835443038,
            0.35443037974683544,
            0.0379746835443038,
            0.08860759493670886
        ],
        "videoshot_scalemovement.pkl": [
            0.5
        ],
        "shot_density.pkl": [
            0.6181476166454049
        ],
        "siglip_shot_similarity.pkl": [
            0.43256155825064313,
            0.7667570709027509,
            0.6225695768204346,
            0.37596471885336274
        ],
        "convnextv2_shot_similarity.pkl": [
            0.3714420372009963,
            0.47086978404881985,
            0.3566223758915733,
            0.2464754917862798
        ],
        "places_shot_similarity.pkl": [
            0.5139406009513129,
            0.7266456949805684,
            0.637504675663131,
            0.4434436968388686
        ],
        "kinetics-vmae_action_shot_similarity.pkl": [
            0.6427233950998597,
            0.5949804195579658,
            0.6609958505229798,
            0.6070726974359442
        ],
        "ssv2-vmae_action_shot_similarity.pkl": [
            0.43087747097437257,
            0.2503085157428365,
            0.30382926128519583,
            0.48566152331372414
        ],
        "kinetics-xclip_action_shot_similarity.pkl": [
            0.354413768927716,
            0.7400535578359762,
            0.45108987178834087,
            0.327280412320123
        ],
        "face_analysis.pkl": [
            0.017332050692028887,
            0.008455693309718335,
            1.0,
            0.6554054054054054
        ],
        "whisperxspeaker_audioclf.pkl": [
            1.0,
            0.0,
            0.0,
            0.0,
            0.0,
            0.0,
            0.0,
            0.0,
            0.0
        ],
        "whisperxspeaker_segmentClf.pkl": [
            1.0,
            0.0
        ],
        "speaker_turns_meta.pkl": [
            0.0,
            0.3333333333333333,
            0.0,
            1.0,
            0.0,
            0.0,
            0.0,
            0.0,
            0.0,
            0.0,
            0.0,
            1.0
        ]
    },
    "79": {
        "start": 667.72,
        "end": 670.12,
        "strategies": [
            0,
            0,
            0,
            0,
            0,
            0
        ],
        "feps": [
            0,
            0,
            0,
            0,
            0
        ],
        "whisperx_ner.pkl": [
            0.0,
            0.0,
            0.02,
            0.0,
            0.0,
            0.0
        ],
        "whisperx_sentiment.pkl": [
            1.0
        ],
        "whisperx_pos.pkl": [
            0.02040816326530612,
            0.03571428571428571,
            0.0021929824561403508,
            0.0,
            0.0,
            0.01773049645390071,
            0.0,
            0.012012012012012012,
            0.0,
            0.0,
            0.004329004329004329,
            0.0136986301369863,
            0.0038910505836575876,
            0.008241758241758242
        ],
        "llm_evaluative.pkl": [
            0.25
        ],
        "face_emotions_deepface.pkl": [
            0.043478260869565216,
            0.0,
            0.21739130434782608,
            0.0,
            0.43478260869565216,
            0.0,
            0.30434782608695654
        ],
        "videoshot_scalemovement.pkl": [
            0.5
        ],
        "shot_density.pkl": [
            0.6193408593187797
        ],
        "siglip_shot_similarity.pkl": [
            0.4935685409775818,
            0.616427741185587,
            0.260770110560427,
            0.37596471885336274
        ],