{
    "69": {
        "start": 605.52,
        "end": 631.68,
        "strategies": [
            0,
            0,
            0,
            0,
            0,
            0
        ],
        "feps": [
            1,
            0,
            0,
            0,
            0
        ],
        "whisperx_ner.pkl": [
            0.0,
            0.3333333333333333,
            0.03,
            0.0,
            0.0,
            0.3333333333333333
        ],
        "whisperx_sentiment.pkl": [
            0.5
        ],
        "whisperx_pos.pkl": [
            0.013605442176870748,
            0.03571428571428571,
            0.013157894736842105,
            0.013888888888888888,
            0.012345679012345678,
            0.024822695035460994,
            0.0,
            0.024024024024024024,
            0.09523809523809523,
            0.0,
            0.021645021645021644,
            0.0958904109589041,
            0.019455252918287938,
            0.019230769230769232
        ],
        "llm_evaluative.pkl": [
            0.25
        ],
        "face_emotions_deepface.pkl": [
            0.12220566318926974,
            0.0,
            0.13263785394932937,
            0.2503725782414307,
            0.022354694485842028,
            0.040238450074515646,
            0.43219076005961254
        ],
        "videoshot_scalemovement.pkl": [
            0.5
        ],
        "shot_density.pkl": [
            0.2208880005335618
        ],
        "siglip_shot_similarity.pkl": [
            0.2414553472987872,
            0.2347927160015498,
            0.4235608082348456,
            0.5847115031238516
        ],
        "convnextv2_shot_similarity.pkl": [
            0.21605194209639444,
            0.16214980075287175,
            0.40365539407069406,
            0.5993889219642271
        ],
        "places_shot_similarity.pkl": [
            0.6642221276924861,
            0.4904799391071724,
            0.5738099899211793,
            0.7123684708469596
        ],
        "kinetics-vmae_action_shot_similarity.pkl": [
            0.6091351023143176,
            0.6131984495711664,
            0.5980332815996561,
            0.7611923589672235
        ],
        "ssv2-vmae_action_shot_similarity.pkl": [
            0.7077295432787474,
            0.4330485072242921,
            0.48060454525392,
            0.3571227731988969
        ],
        "kinetics-xclip_action_shot_similarity.pkl": [
            0.5307796904874053,
            0.5901141558117435,
            0.6498367867643906,
            0.8877979494668095
        ],
        "face_analysis.pkl": [
            0.03032858588876651,
            0.04987716391475747,
            1.0,
            0.24971363115693013
        ],
        "whisperxspeaker_audioclf.pkl": [
            0.0,
            0.0,
            0.0,
            0.0,
            0.0,
            0.0,
            0.0,
            0.0,
            0.0
        ],
        "whisperxspeaker_segmentClf.pkl": [
            0.0,
            1.0
        ],
        "speaker_turns_meta.pkl": [
            1.0,
            0.3333333333333333,
            1.0,
            0.0,
            0.0,
            0.0,
            0.0,
            0.0,
            0.0,
            0.0,
            0.0,
            0.0
        ]
    }
}