{
    "29": {
        "start": 291.32,
        "end": 316.12,
        "strategies": [
            0,
            0,
            0,
            0,
            0,
            0
        ],
        "feps": [
            1,
            0,
            0,
            0,
            0
        ],
        "whisperx_ner.pkl": [
            0.4,
            0.16666666666666666,
            0.12,
            0.0,
            0.0,
            0.0
        ],
        "whisperx_sentiment.pkl": [
            0.5
        ],
        "whisperx_pos.pkl": [
            0.08843537414965986,
            0.13690476190476192,
            0.03070175438596491,
            0.027777777777777776,
            0.024691358024691357,
            0.11702127659574468,
            0.0,
            0.10810810810810811,
            0.0,
            0.058823529411764705,
            0.025974025974025976,
            0.2602739726027397,
            0.06614785992217899,
            0.06593406593406594
        ],
        "llm_evaluative.pkl": [
            0.25
        ],
        "face_emotions_deepface.pkl": [
            0.5463659147869674,
            0.017543859649122806,
            0.002506265664160401,
            0.22681704260651628,
            0.008771929824561403,
            0.0012531328320802004,
            0.20927318295739347
        ],
        "videoshot_scalemovement.pkl": [
            0.5
        ],
        "shot_density.pkl": [
            0.14457628137522466
        ],
        "siglip_shot_similarity.pkl": [
            0.7802278574053657,
            0.6791941108097637,
            0.4197483797178803,
            0.3737596471885336
        ],
        "convnextv2_shot_similarity.pkl": [
            0.7656490248355285,
            0.6963802611969987,
            0.23502535969157434,
            0.10818704884605583
        ],
        "places_shot_similarity.pkl": [
            0.8053638578444642,
            0.4651221682393913,
            0.48070061066921754,
            0.4554517399956789
        ],
        "kinetics-vmae_action_shot_similarity.pkl": [
            0.9566356493319915,
            0.7762832959168734,
            0.8090158692276155,
            0.6328152623232016
        ],
        "ssv2-vmae_action_shot_similarity.pkl": [
            0.7132086509560427,
            0.4782442435243493,
            0.6867742914121874,
            0.5149269214039587
        ],
        "kinetics-xclip_action_shot_similarity.pkl": [
            0.9013902047557176,
            0.9039769154756883,
            0.4937224809389101,
            0.5541198248287268
        ],
        "face_analysis.pkl": [
            0.04835258395986918,
            0.05113409129863452,
            1.0,
            0.30614525139664805
        ],
        "whisperxspeaker_audioclf.pkl": [
            1.0,
            0.0,
            0.0,
            0.0,
            0.0,
            0.0,
            0.0,
            0.0,
            0.0
        ],
        "whisperxspeaker_segmentClf.pkl": [
            1.0,
            0.0
        ],
        "speaker_turns_meta.pkl": [
            0.0,
            0.3333333333333333,
            1.0,
            0.0,
            0.0,
            0.0,
            0.0,
            0.0,
            0.0,
            0.0,
            0.0,
            0.0
        ]
    },
    "30": {
        "start": 316.16,
        "end": 324.84,
        "strategies": [
            0,
            0,
            0,
            0,
            0,
            0
        ],
        "feps": [
            0,
            0,
            0,
            0,
            0
        ],
        "whisperx_ner.pkl": [
            0.4,
            0.16666666666666666,
            0.12,
            0.0,
            0.0,
            0.0
        ],
        "whisperx_sentiment.pkl": [
            0.5
        ],
        "whisperx_pos.pkl": [
            0.08843537414965986,
            0.13690476190476192,
            0.03070175438596491,
            0.027777777777777776,
            0.024691358024691357,
            0.11702127659574468,
            0.0,
            0.10810810810810811,
            0.0,
            0.058823529411764705,
            0.025974025974025976,
            0.2602739726027397,
            0.06614785992217899,
            0.06593406593406594
        ],
        "llm_evaluative.pkl": [
            0.25
        ],
        "face_emotions_deepface.pkl": [
            0.0,
            0.0,
            0.0,
            0.0,
            0.0,
            0.0,
            0.0
        ],
        "videoshot_scalemovement.pkl": [
            1.0
        ],
        "shot_density.pkl": [
            0.3284870234054194
        ],
        "siglip_shot_similarity.pkl": [
            0.292907019478133,
            0.4103060829135994,
            0.7987037743042318,
            0.8610804851157663
        ],
        "convnextv2_shot_similarity.pkl": [
            0.06525051389048067,
            0.23502535969157434,
            0.40549459947080185,
            0.6444104810116124
        ],
        "places_shot_similarity.pkl": [
            0.19952875207857998,
            0.45608407232808673,
            0.6434974386367319,
            0.8332893834529803
        ],
        "kinetics-vmae_action_shot_similarity.pkl": [
            0.6822305598783546,
            0.8090158692276155,
            0.696353087259306,
            0.766205095359571
        ],
        "ssv2-vmae_action_shot_similarity.pkl": [
            0.5137822602678298,
            0.6867742914121874,
            0.5283810554914,
            0.6322418633190656
        ],
        "kinetics-xclip_action_shot_similarity.pkl": [
            0.4748886295600388,
            0.4937224809389101,
            0.8537887080946459,
            0.7864688067750805
        ],
        "face_analysis.pkl": [
            0.0,
            0.0,
            0.5,
            0.5
        ],
        "whisperxspeaker_audioclf.pkl": [
            1.0,
            0.0,
            0.0,
            0.0,
            0.0,
            0.0,
            0.0,
            0.0,
            0.0
        ],
        "whisperxspeaker_segmentClf.pkl": [
            1.0,
            0.0
        ],
        "speaker_turns_meta.pkl": [
            0.0,
            0.3333333333333333,
            1.0,
            0.0,
            0.0,
            0.0,
            0.0,
            0.0,
            0.0,
            0.0,
            0.0,
            0.0
        ]
    },
    "31": {
        "start": 324.88,
        "end": 330.32,
        "strategies": [
            0,
            0,
            0,
            0,
            0,
            0
        ],
        "feps": [
            0,
            0,
            0,
            0,
            0
        ],
        "whisperx_ner.pkl": [
            0.4,
            0.16666666666666666,
            0.12,
            0.0,
            0.0,
            0.0
        ],
        "whisperx_sentiment.pkl": [
            0.5
        ],
        "whisperx_pos.pkl": [
            0.08843537414965986,
            0.13690476190476192,
            0.03070175438596491,
            0.027777777777777776,
            0.024691358024691357,
            0.11702127659574468,
            0.0,
            0.10810810810810811,
            0.0,
            0.058823529411764705,
            0.025974025974025976,
            0.2602739726027397,
            0.06614785992217899,
            0.06593406593406594
        ],
        "llm_evaluative.pkl": [
            0.25
        ],
        "face_emotions_deepface.pkl": [
            0.0,
            0.0,
            0.0,
            0.0,
            0.0,
            0.0,
            0.0
        ],
        "videoshot_scalemovement.pkl": [
            1.0
        ],
        "shot_density.pkl": [
            0.38038481148681486
        ],
        "siglip_shot_similarity.pkl": [
            0.3737596471885336,
            0.795428128632313,
            0.800991231414411,
            0.2914369717015803
        ],