{
    "112": {
        "start": 996.12,
        "end": 1023.16,
        "strategies": [
            0,
            1,
            0,
            0,
            0,
            0
        ],
        "feps": [
            0,
            0,
            0,
            0,
            0
        ],
        "whisperx_ner.pkl": [
            0.2,
            1.0,
            0.25,
            0.1875,
            0.0,
            0.3333333333333333
        ],
        "whisperx_sentiment.pkl": [
            0.75
        ],
        "whisperx_pos.pkl": [
            0.17006802721088435,
            0.27380952380952384,
            0.039473684210526314,
            0.11805555555555555,
            0.05555555555555555,
            0.1879432624113475,
            0.0,
            0.21021021021021022,
            0.23809523809523808,
            0.11764705882352941,
            0.03896103896103896,
            0.5342465753424658,
            0.1245136186770428,
            0.11813186813186813
        ],
        "llm_evaluative.pkl": [
            0.125
        ],
        "face_emotions_deepface.pkl": [
            0.16296728971962618,
            0.0,
            0.12324766355140188,
            0.1582943925233645,
            0.1582943925233645,
            0.017523364485981307,
            0.3796728971962617
        ],
        "videoshot_scalemovement.pkl": [
            0.5
        ],
        "shot_density.pkl": [
            0.19290753681728615
        ],
        "siglip_shot_similarity.pkl": [
            0.5994119808893789,
            0.4405269275474622,
            0.5013343499809378,
            0.42080117603822126
        ],
        "convnextv2_shot_similarity.pkl": [
            0.5157225207576682,
            0.4295205753290684,
            0.3156227951296221,
            0.3120908432800975
        ],
        "places_shot_similarity.pkl": [
            0.7358463977725357,
            0.6251370926662619,
            0.4563211530261379,
            0.5648889916513016
        ],
        "kinetics-vmae_action_shot_similarity.pkl": [
            0.8675779974127696,
            0.819468695853662,
            0.7986101276760317,
            0.7439063608766491
        ],
        "ssv2-vmae_action_shot_similarity.pkl": [
            0.43230503870042436,
            0.3216322016568192,
            0.4831216960507535,
            0.4684965283220958
        ],
        "kinetics-xclip_action_shot_similarity.pkl": [
            0.699242144369651,
            0.7049726377631241,
            0.5194724060847429,
            0.48751227605646397
        ],
        "face_analysis.pkl": [
            0.012090741997932098,
            0.1266640004570645,
            1.0,
            0.6585475868290482
        ],
        "whisperxspeaker_audioclf.pkl": [
            1.0,
            0.0,
            0.0,
            0.0,
            0.0,
            0.0,
            0.0,
            0.0,
            0.0
        ],
        "whisperxspeaker_segmentClf.pkl": [
            0.0,
            1.0
        ],
        "speaker_turns_meta.pkl": [
            0.0,
            0.6666666666666666,
            1.0,
            0.0,
            0.0,
            0.0,
            0.0,
            0.0,
            0.0,
            0.0,
            0.0,
            0.5
        ]
    },
    "113": {
        "start": 1023.2,
        "end": 1026.079,
        "strategies": [
            0,
            1,
            0,
            0,
            0,
            0
        ],
        "feps": [
            0,
            0,
            0,
            0,
            0
        ],
        "whisperx_ner.pkl": [
            0.1,
            1.0,
            0.23,
            0.1875,
            0.0,
            0.3333333333333333
        ],
        "whisperx_sentiment.pkl": [
            0.5
        ],
        "whisperx_pos.pkl": [
            0.17006802721088435,
            0.25,
            0.03508771929824561,
            0.11805555555555555,
            0.04938271604938271,
            0.17375886524822695,
            0.0,
            0.2012012012012012,
            0.23809523809523808,
            0.11764705882352941,
            0.03463203463203463,
            0.4794520547945205,
            0.12062256809338522,
            0.10989010989010989
        ],
        "llm_evaluative.pkl": [
            0.25
        ],
        "face_emotions_deepface.pkl": [
            0.1320754716981132,
            0.0,
            0.14255765199161424,
            0.031446540880503145,
            0.20964360587002095,
            0.0,
            0.48427672955974843
        ],
        "videoshot_scalemovement.pkl": [
            0.75
        ],
        "shot_density.pkl": [
            0.43816996095874533
        ],
        "siglip_shot_similarity.pkl": [
            0.4693127526644616,
            0.4932196822936846,
            0.6477316050324057,
            0.8257993384785005
        ],
        "convnextv2_shot_similarity.pkl": [
            0.21067437269077197,
            0.3156227951296221,
            0.5064181962895992,
            0.8687158901478824
        ],
        "places_shot_similarity.pkl": [
            0.521918248965544,
            0.4305489463631547,
            0.6300323985079971,
            0.867229364351701
        ],
        "kinetics-vmae_action_shot_similarity.pkl": [
            0.9831612596123419,
            0.7986101276760317,
            0.8491564343491489,
            0.7494278102288022
        ],
        "ssv2-vmae_action_shot_similarity.pkl": [
            0.4011803175568347,
            0.4831216960507535,
            0.721068128946131,
            0.8823010639592983
        ],
        "kinetics-xclip_action_shot_similarity.pkl": [
            0.4516589901847722,
            0.5194724060847429,
            0.7806397865993511,
            0.8230029603567487
        ],
        "face_analysis.pkl": [
            0.006157049096063312,
            0.04250699880020568,
            1.0,
            0.5994623655913979
        ],
        "whisperxspeaker_audioclf.pkl": [
            1.0,
            0.0,
            0.0,
            0.0,
            0.0,
            0.0,
            0.0,
            0.0,
            0.0
        ],
        "whisperxspeaker_segmentClf.pkl": [
            0.0,
            1.0
        ],
        "speaker_turns_meta.pkl": [
            0.0,
            0.3333333333333333,
            1.0,
            0.0,
            0.0,
            0.0,
            0.0,
            0.0,
            0.0,
            0.0,
            0.0,
            1.0
        ]
    },
    "114": {
        "start": 1026.119,
        "end": 1029.96,
        "strategies": [
            0,
            1,
            0,
            0,
            0,
            0
        ],
        "feps": [
            0,
            0,
            0,
            0,
            0
        ],
        "whisperx_ner.pkl": [
            0.1,
            1.0,
            0.23,
            0.1875,
            0.0,
            0.3333333333333333
        ],
        "whisperx_sentiment.pkl": [
            0.5
        ],
        "whisperx_pos.pkl": [
            0.17006802721088435,
            0.25,
            0.03508771929824561,
            0.11805555555555555,
            0.04938271604938271,
            0.17375886524822695,
            0.0,
            0.2012012012012012,
            0.23809523809523808,
            0.11764705882352941,
            0.03463203463203463,
            0.4794520547945205,
            0.12062256809338522,
            0.10989010989010989
        ],
        "llm_evaluative.pkl": [
            0.25
        ],
        "face_emotions_deepface.pkl": [
            0.43253968253968256,
            0.0,
            0.015873015873015872,
            0.0,
            0.39285714285714285,
            0.0,
            0.15873015873015872
        ],
        "videoshot_scalemovement.pkl": [
            0.5
        ],
        "shot_density.pkl": [
            0.46213583439557604
        ],