{
    "40": {
        "start": 204.36,
        "end": 223.36,
        "strategies": [
            0,
            0,
            0,
            0,
            0,
            0
        ],
        "feps": [
            0,
            0,
            0,
            0,
            0
        ],
        "whisperx_ner.pkl": [
            0.1,
            0.5,
            0.11,
            0.0,
            0.0,
            0.0
        ],
        "whisperx_sentiment.pkl": [
            0.5
        ],
        "whisperx_pos.pkl": [
            0.07482993197278912,
            0.1130952380952381,
            0.02412280701754386,
            0.027777777777777776,
            0.012345679012345678,
            0.08865248226950355,
            0.0,
            0.09309309309309309,
            0.0,
            0.058823529411764705,
            0.021645021645021644,
            0.1917808219178082,
            0.058365758754863814,
            0.054945054945054944
        ],
        "llm_evaluative.pkl": [
            0.25
        ],
        "face_emotions_deepface.pkl": [
            0.33611111111111114,
            0.009722222222222222,
            0.006944444444444444,
            0.0625,
            0.5277777777777778,
            0.001388888888888889,
            0.0625
        ],
        "videoshot_scalemovement.pkl": [
            0.5
        ],
        "shot_density.pkl": [
            0.23532102332654514
        ],
        "siglip_shot_similarity.pkl": [
            0.36126424108783534,
            0.3684618364974816,
            0.45253526496378194,
            0.3083425211319368
        ],
        "convnextv2_shot_similarity.pkl": [
            0.13843404650542443,
            0.44731240800723565,
            0.2129347798772876,
            0.22239421398071169
        ],
        "places_shot_similarity.pkl": [
            0.3220206891217758,
            0.46566634869669965,
            0.5071505358716527,
            0.37765012654587854
        ],
        "kinetics-vmae_action_shot_similarity.pkl": [
            0.7442997703573982,
            0.7546633992260795,
            0.5236063357101112,
            0.7846314298835351
        ],
        "ssv2-vmae_action_shot_similarity.pkl": [
            0.7839080416556827,
            0.7351127468187827,
            0.5466749679716769,
            0.3658824768726707
        ],
        "kinetics-xclip_action_shot_similarity.pkl": [
            0.5421086216311735,
            0.7130211557239098,
            0.6183382997897486,
            0.609290397622918
        ],
        "face_analysis.pkl": [
            0.03851273795593317,
            0.04393532537279324,
            0.9960988296488946,
            0.4980494148244473
        ],
        "whisperxspeaker_audioclf.pkl": [
            1.0,
            0.0,
            0.0,
            0.0,
            0.0,
            0.0,
            0.0,
            0.0,
            0.0
        ],
        "whisperxspeaker_segmentClf.pkl": [
            1.0,
            0.0
        ],
        "speaker_turns_meta.pkl": [
            0.0,
            0.3333333333333333,
            1.0,
            0.0,
            0.0,
            0.0,
            0.0,
            0.0,
            0.0,
            0.0,
            0.0,
            0.0
        ]
    },
    "41": {
        "start": 223.4,
        "end": 225.4,
        "strategies": [
            0,
            0,
            0,
            0,
            0,
            0
        ],
        "feps": [
            0,
            0,
            0,
            0,
            0
        ],
        "whisperx_ner.pkl": [
            0.1,
            0.5,
            0.11,
            0.0,
            0.0,
            0.0
        ],
        "whisperx_sentiment.pkl": [
            0.5
        ],
        "whisperx_pos.pkl": [
            0.07482993197278912,
            0.1130952380952381,
            0.02412280701754386,
            0.027777777777777776,
            0.012345679012345678,
            0.08865248226950355,
            0.0,
            0.09309309309309309,
            0.0,
            0.058823529411764705,
            0.021645021645021644,
            0.1917808219178082,
            0.058365758754863814,
            0.054945054945054944
        ],
        "llm_evaluative.pkl": [
            0.25
        ],
        "face_emotions_deepface.pkl": [
            0.0,
            0.0,
            0.0,
            0.0,
            0.6428571428571429,
            0.0,
            0.35714285714285715
        ],
        "videoshot_scalemovement.pkl": [
            0.25
        ],
        "shot_density.pkl": [
            0.3566519569387249
        ],
        "siglip_shot_similarity.pkl": [
            0.4906284454244763,
            0.4436265013560635,
            0.5920701486847122,
            0.38478500551267913
        ],
        "convnextv2_shot_similarity.pkl": [
            0.2522205363472759,
            0.2129347798772876,
            0.4299692675040254,
            0.12850158868848027
        ],
        "places_shot_similarity.pkl": [
            0.5026383850883638,
            0.4837878129811907,
            0.4530459059019588,
            0.4508512529157642
        ],
        "kinetics-vmae_action_shot_similarity.pkl": [
            0.47969799233582266,
            0.5236063357101112,
            0.4956362140053775,
            0.5541806256252968
        ],
        "ssv2-vmae_action_shot_similarity.pkl": [
            0.4512081605318545,
            0.5466749679716769,
            0.30375006240767455,
            0.5254815038995747
        ],
        "kinetics-xclip_action_shot_similarity.pkl": [
            0.5705034375348471,
            0.6183382997897486,
            0.7539807696559836,
            0.48594224955799026
        ],
        "face_analysis.pkl": [
            0.13061926305778102,
            0.0021139233274295836,
            1.0,
            0.8108108108108109
        ],
        "whisperxspeaker_audioclf.pkl": [
            1.0,
            0.0,
            0.0,
            0.0,
            0.0,
            0.0,
            0.0,
            0.0,
            0.0
        ],
        "whisperxspeaker_segmentClf.pkl": [
            1.0,
            0.0
        ],
        "speaker_turns_meta.pkl": [
            0.0,
            0.3333333333333333,
            1.0,
            0.0,
            0.0,
            0.0,
            0.0,
            0.0,
            0.0,
            0.0,
            0.0,
            0.0
        ]
    },
    "42": {
        "start": 225.44,
        "end": 230.16,
        "strategies": [
            0,
            0,
            0,
            0,
            0,
            0
        ],
        "feps": [
            0,
            0,
            0,
            0,
            0
        ],
        "whisperx_ner.pkl": [
            0.1,
            0.5,
            0.11,
            0.0,
            0.0,
            0.0
        ],
        "whisperx_sentiment.pkl": [
            0.5
        ],
        "whisperx_pos.pkl": [
            0.07482993197278912,
            0.1130952380952381,
            0.02412280701754386,
            0.027777777777777776,
            0.012345679012345678,
            0.08865248226950355,
            0.0,
            0.09309309309309309,
            0.0,
            0.058823529411764705,
            0.021645021645021644,
            0.1917808219178082,
            0.058365758754863814,
            0.054945054945054944
        ],
        "llm_evaluative.pkl": [
            0.25
        ],
        "face_emotions_deepface.pkl": [
            0.0,
            0.0,
            0.0,
            0.0,
            0.0,
            0.0,
            0.0
        ],
        "videoshot_scalemovement.pkl": [
            0.75
        ],
        "shot_density.pkl": [
            0.36563237130922377
        ],
        "siglip_shot_similarity.pkl": [
            0.3083425211319368,
            0.5854320030995738,
            0.3556995806328631,
            0.13671444321940462
        ],