{
    "64": {
        "start": 413.24,
        "end": 432.68,
        "strategies": [
            1,
            0,
            0,
            0,
            0,
            0
        ],
        "feps": [
            0,
            0,
            0,
            0,
            0
        ],
        "whisperx_ner.pkl": [
            1.0,
            0.0,
            2.0,
            2.0,
            0.0,
            0.0
        ],
        "whisperx_sentiment.pkl": [
            1.0
        ],
        "whisperx_pos.pkl": [
            8.0,
            27.0,
            20.0,
            10.0,
            7.0,
            31.0,
            0.0,
            36.0,
            7.0,
            0.0,
            4.0,
            10.0,
            16.0,
            23.0
        ],
        "llm_evaluative.pkl": [
            0.25
        ],
        "face_emotions_deepface.pkl": [
            0.05475504322766571,
            0.0,
            0.011527377521613832,
            0.4546109510086455,
            0.07997118155619597,
            0.005043227665706052,
            0.3940922190201729
        ],
        "videoshot_scalemovement.pkl": [
            0.5
        ],
        "shot_density.pkl": [
            0.5246894956027719
        ],
        "siglip_shot_similarity.pkl": [
            0.564453125,
            0.59033203125,
            0.6005859375,
            0.55419921875
        ],
        "convnextv2_shot_similarity.pkl": [
            0.09934639185667038,
            0.22787702083587646,
            0.25626659393310547,
            0.09029567241668701
        ],
        "places_shot_similarity.pkl": [
            0.6220388412475586,
            0.6133053302764893,
            0.7516823410987854,
            0.638946533203125
        ],
        "kinetics-vmae_action_shot_similarity.pkl": [
            0.5559245944023132,
            0.4752918481826782,
            0.5626622438430786,
            0.6291941404342651
        ],
        "ssv2-vmae_action_shot_similarity.pkl": [
            0.3217794895172119,
            0.07404300570487976,
            0.44115686416625977,
            0.26164549589157104
        ],
        "kinetics-xclip_action_shot_similarity.pkl": [
            0.39536088705062866,
            0.37445908784866333,
            0.5051378011703491,
            0.58916175365448
        ],
        "face_analysis.pkl": [
            0.010419143288779934,
            1948,
            1.0,
            0.25
        ],
        "whisperxspeaker_audioclf.pkl": [
            0.0,
            0.0,
            0.0,
            0.0,
            0.0,
            0.0,
            0.0,
            0.0,
            0.0
        ],
        "whisperxspeaker_segmentClf.pkl": [
            1,
            0
        ],
        "speaker_turns_meta.pkl": [
            0.0,
            1,
            1.0,
            0.0,
            0.0,
            0.0,
            0.0,
            0.0,
            0.0,
            0.0,
            0.0,
            0.0
        ]
    },
    "65": {
        "start": 432.72,
        "end": 436.04,
        "strategies": [
            1,
            0,
            0,
            0,
            0,
            0
        ],
        "feps": [
            0,
            0,
            0,
            0,
            0
        ],
        "whisperx_ner.pkl": [
            1.0,
            0.0,
            2.0,
            2.0,
            0.0,
            0.0
        ],
        "whisperx_sentiment.pkl": [
            1.0
        ],
        "whisperx_pos.pkl": [
            8.0,
            27.0,
            20.0,
            10.0,
            7.0,
            31.0,
            0.0,
            36.0,
            7.0,
            0.0,
            4.0,
            10.0,
            16.0,
            23.0
        ],
        "llm_evaluative.pkl": [
            0.25
        ],
        "face_emotions_deepface.pkl": [
            0.01639344262295082,
            0.0,
            0.22131147540983606,
            0.13114754098360656,
            0.3360655737704918,
            0.0,
            0.29508196721311475
        ],
        "videoshot_scalemovement.pkl": [
            0.75
        ],
        "shot_density.pkl": [
            0.7104723150207485
        ],
        "siglip_shot_similarity.pkl": [
            0.62744140625,
            0.6005859375,
            0.56884765625,
            0.501953125
        ],
        "convnextv2_shot_similarity.pkl": [
            0.1335718184709549,
            0.25626659393310547,
            0.11175600439310074,
            0.0883043110370636
        ],
        "places_shot_similarity.pkl": [
            0.6464943289756775,
            0.7516823410987854,
            0.5934727191925049,
            0.49752745032310486
        ],
        "kinetics-vmae_action_shot_similarity.pkl": [
            0.4502790868282318,
            0.5626622438430786,
            0.5125734806060791,
            0.46811580657958984
        ],
        "ssv2-vmae_action_shot_similarity.pkl": [
            0.23956775665283203,
            0.44115686416625977,
            0.2514861822128296,
            0.22285765409469604
        ],
        "kinetics-xclip_action_shot_similarity.pkl": [
            0.4071100950241089,
            0.5051378011703491,
            0.4637642502784729,
            0.3533056080341339
        ],
        "face_analysis.pkl": [
            0.005177490027632926,
            277,
            1.0,
            0.6064981949458483
        ],
        "whisperxspeaker_audioclf.pkl": [
            0.0,
            0.0,
            0.0,
            0.0,
            0.0,
            0.0,
            0.0,
            0.0,
            0.0
        ],
        "whisperxspeaker_segmentClf.pkl": [
            1,
            0
        ],
        "speaker_turns_meta.pkl": [
            0.0,
            1,
            1.0,
            0.0,
            0.0,
            0.0,
            0.0,
            0.0,
            0.0,
            0.0,
            0.0,
            0.0
        ]
    },
    "66": {
        "start": 436.08,
        "end": 438.36,
        "strategies": [
            1,
            0,
            0,
            0,
            0,
            0
        ],
        "feps": [
            0,
            0,
            0,
            0,
            0
        ],
        "whisperx_ner.pkl": [
            1.0,
            0.0,
            2.0,
            2.0,
            0.0,
            0.0
        ],
        "whisperx_sentiment.pkl": [
            1.0
        ],
        "whisperx_pos.pkl": [
            8.0,
            27.0,
            20.0,
            10.0,
            7.0,
            31.0,
            0.0,
            36.0,
            7.0,
            0.0,
            4.0,
            10.0,
            16.0,
            23.0
        ],
        "llm_evaluative.pkl": [
            0.25
        ],
        "face_emotions_deepface.pkl": [
            0.0,
            0.0,
            0.0,
            0.0,
            0.6666666666666666,
            0.0,
            0.3333333333333333
        ],
        "videoshot_scalemovement.pkl": [
            0
        ],
        "shot_density.pkl": [
            0.7479459933605047
        ],
        "siglip_shot_similarity.pkl": [
            0.55419921875,
            0.56884765625,
            0.7353515625,
            0.6943359375
        ],
        "convnextv2_shot_similarity.pkl": [
            0.09029566496610641,
            0.11175601184368134,
            0.32774966955184937,
            0.3098223805427551
        ],
        "places_shot_similarity.pkl": [
            0.638946533203125,
            0.5934727191925049,
            0.8232333064079285,
            0.7745436429977417
        ],
        "kinetics-vmae_action_shot_similarity.pkl": [
            0.6291941404342651,
            0.5125734806060791,
            0.6870779991149902,
            0.6979500651359558
        ],