{
    "23": {
        "start": 260.48,
        "end": 268.6,
        "strategies": [
            0,
            1,
            0,
            0,
            0,
            0
        ],
        "feps": [
            0,
            0,
            0,
            0,
            0
        ],
        "whisperx_ner.pkl": [
            4.0,
            3.0,
            18.0,
            1.0,
            0.0,
            1.0
        ],
        "whisperx_sentiment.pkl": [
            1.0
        ],
        "whisperx_pos.pkl": [
            8.0,
            31.0,
            6.0,
            7.0,
            5.0,
            24.0,
            0.0,
            35.0,
            3.0,
            1.0,
            3.0,
            25.0,
            11.0,
            20.0
        ],
        "llm_evaluative.pkl": [
            0.25
        ],
        "face_emotions_deepface.pkl": [
            0.4860557768924303,
            0.0,
            0.06772908366533864,
            0.0,
            0.0199203187250996,
            0.0,
            0.4262948207171315
        ],
        "videoshot_scalemovement.pkl": [
            0.5
        ],
        "shot_density.pkl": [
            0.5011549686880645
        ],
        "siglip_shot_similarity.pkl": [
            0.654296875,
            0.708984375,
            0.68603515625,
            0.53955078125
        ],
        "convnextv2_shot_similarity.pkl": [
            0.7779448628425598,
            0.8185741901397705,
            0.33223608136177063,
            0.022598033770918846
        ],
        "places_shot_similarity.pkl": [
            0.7076045870780945,
            0.8079497814178467,
            0.7658654451370239,
            0.4838292896747589
        ],
        "kinetics-vmae_action_shot_similarity.pkl": [
            0.7877875566482544,
            0.8000370860099792,
            0.5708736777305603,
            0.6712666153907776
        ],
        "ssv2-vmae_action_shot_similarity.pkl": [
            0.3238191306591034,
            0.7321509122848511,
            0.2751207947731018,
            0.2699304223060608
        ],
        "kinetics-xclip_action_shot_similarity.pkl": [
            0.8858126401901245,
            0.8583222031593323,
            0.5875004529953003,
            0.46419578790664673
        ],
        "face_analysis.pkl": [
            0.02304948484023246,
            408,
            1.0,
            0.5
        ],
        "whisperxspeaker_audioclf.pkl": [
            1.0,
            0.0,
            0.0,
            0.0,
            0.0,
            0.0,
            0.0,
            0.0,
            0.0
        ],
        "whisperxspeaker_segmentClf.pkl": [
            0,
            1
        ],
        "speaker_turns_meta.pkl": [
            0.0,
            1,
            1.0,
            0.0,
            0.0,
            0.0,
            0.0,
            0.0,
            0.0,
            0.0,
            0.0,
            0.0
        ]
    },
    "24": {
        "start": 268.64,
        "end": 274.48,
        "strategies": [
            0,
            1,
            0,
            0,
            0,
            0
        ],
        "feps": [
            0,
            0,
            0,
            0,
            0
        ],
        "whisperx_ner.pkl": [
            4.0,
            3.0,
            18.0,
            1.0,
            0.0,
            1.0
        ],
        "whisperx_sentiment.pkl": [
            1.0
        ],
        "whisperx_pos.pkl": [
            8.0,
            31.0,
            6.0,
            7.0,
            5.0,
            24.0,
            0.0,
            35.0,
            3.0,
            1.0,
            3.0,
            25.0,
            11.0,
            20.0
        ],
        "llm_evaluative.pkl": [
            0.25
        ],
        "face_emotions_deepface.pkl": [
            0.17073170731707318,
            0.0,
            0.16260162601626016,
            0.33604336043360433,
            0.0921409214092141,
            0.0,
            0.23848238482384823
        ],
        "videoshot_scalemovement.pkl": [
            0.5
        ],
        "shot_density.pkl": [
            0.5748885644635818
        ],
        "siglip_shot_similarity.pkl": [
            0.62060546875,
            0.68603515625,
            0.552734375,
            0.64111328125
        ],
        "convnextv2_shot_similarity.pkl": [
            0.334552139043808,
            0.33223608136177063,
            0.20276226103305817,
            0.3219282329082489
        ],
        "places_shot_similarity.pkl": [
            0.7239845991134644,
            0.7658653855323792,
            0.5329219698905945,
            0.6738708019256592
        ],
        "kinetics-vmae_action_shot_similarity.pkl": [
            0.6386157274246216,
            0.5708736777305603,
            0.6296168565750122,
            0.5677701234817505
        ],
        "ssv2-vmae_action_shot_similarity.pkl": [
            0.2906262278556824,
            0.2751207947731018,
            0.18516698479652405,
            0.40704917907714844
        ],
        "kinetics-xclip_action_shot_similarity.pkl": [
            0.5132931470870972,
            0.5875004529953003,
            0.5502663254737854,
            0.6335828304290771
        ],
        "face_analysis.pkl": [
            0.002524985676168489,
            738,
            0.8875338753387534,
            0.5365853658536586
        ],
        "whisperxspeaker_audioclf.pkl": [
            1.0,
            0.0,
            0.0,
            0.0,
            0.0,
            0.0,
            0.0,
            0.0,
            0.0
        ],
        "whisperxspeaker_segmentClf.pkl": [
            0,
            1
        ],
        "speaker_turns_meta.pkl": [
            0.0,
            1,
            1.0,
            0.0,
            0.0,
            0.0,
            0.0,
            0.0,
            0.0,
            0.0,
            0.0,
            0.0
        ]
    },
    "25": {
        "start": 274.52,
        "end": 279.92,
        "strategies": [
            0,
            1,
            0,
            0,
            0,
            0
        ],
        "feps": [
            0,
            0,
            0,
            0,
            0
        ],
        "whisperx_ner.pkl": [
            4.0,
            3.0,
            18.0,
            1.0,
            0.0,
            1.0
        ],
        "whisperx_sentiment.pkl": [
            1.0
        ],
        "whisperx_pos.pkl": [
            8.0,
            31.0,
            6.0,
            7.0,
            5.0,
            24.0,
            0.0,
            35.0,
            3.0,
            1.0,
            3.0,
            25.0,
            11.0,
            20.0
        ],
        "llm_evaluative.pkl": [
            0.25
        ],
        "face_emotions_deepface.pkl": [
            0.0,
            0.0,
            0.0,
            0.0,
            0.0,
            0.0,
            0.0
        ],
        "videoshot_scalemovement.pkl": [
            1
        ],
        "shot_density.pkl": [
            0.6347274018826611
        ],
        "siglip_shot_similarity.pkl": [
            0.53955078125,
            0.552734375,
            0.78369140625,
            0.80126953125
        ],
        "convnextv2_shot_similarity.pkl": [
            0.022598033770918846,
            0.20276226103305817,
            0.5105853080749512,
            0.5826705098152161
        ],
        "places_shot_similarity.pkl": [
            0.4838292896747589,
            0.5329219698905945,
            0.6980680227279663,
            0.7385711669921875
        ],
        "kinetics-vmae_action_shot_similarity.pkl": [
            0.6712666153907776,
            0.6296168565750122,
            0.717310905456543,
            0.7359738349914551
        ],