{
    "23": {
        "start": 260.48,
        "end": 268.6,
        "strategies": [
            0,
            1,
            0,
            0,
            0,
            0
        ],
        "feps": [
            0,
            0,
            0,
            0,
            0
        ],
        "whisperx_ner.pkl": [
            0.4,
            0.5,
            0.18,
            0.0625,
            0.0,
            0.3333333333333333
        ],
        "whisperx_sentiment.pkl": [
            1.0
        ],
        "whisperx_pos.pkl": [
            0.05442176870748299,
            0.18452380952380953,
            0.013157894736842105,
            0.04861111111111111,
            0.030864197530864196,
            0.0851063829787234,
            0.0,
            0.10510510510510511,
            0.14285714285714285,
            0.029411764705882353,
            0.012987012987012988,
            0.3424657534246575,
            0.042801556420233464,
            0.054945054945054944
        ],
        "llm_evaluative.pkl": [
            0.25
        ],
        "face_emotions_deepface.pkl": [
            0.4860557768924303,
            0.0,
            0.06772908366533864,
            0.0,
            0.0199203187250996,
            0.0,
            0.4262948207171315
        ],
        "videoshot_scalemovement.pkl": [
            0.5
        ],
        "shot_density.pkl": [
            0.4927644755357801
        ],
        "siglip_shot_similarity.pkl": [
            0.4825431826534362,
            0.5924060441689267,
            0.5630956919557758,
            0.3098125689084895
        ],
        "convnextv2_shot_similarity.pkl": [
            0.7913522403162054,
            0.859548625181447,
            0.37611290512356416,
            0.06865631533231989
        ],
        "places_shot_similarity.pkl": [
            0.6222903437874627,
            0.7404736537955631,
            0.6908142363495205,
            0.33192132983018174
        ],
        "kinetics-vmae_action_shot_similarity.pkl": [
            0.791663624351927,
            0.8040642087059704,
            0.573747267448255,
            0.6745693774444712
        ],
        "ssv2-vmae_action_shot_similarity.pkl": [
            0.44891906086488687,
            0.7877780835519342,
            0.3984383311701,
            0.4041950610020117
        ],
        "kinetics-xclip_action_shot_similarity.pkl": [
            0.8881112077751167,
            0.8795750677657739,
            0.6020475164847139,
            0.46540031507499136
        ],
        "face_analysis.pkl": [
            0.04810125020266123,
            0.02331028966462892,
            1.0,
            0.5
        ],
        "whisperxspeaker_audioclf.pkl": [
            1.0,
            0.0,
            0.0,
            0.0,
            0.0,
            0.0,
            0.0,
            0.0,
            0.0
        ],
        "whisperxspeaker_segmentClf.pkl": [
            0.0,
            1.0
        ],
        "speaker_turns_meta.pkl": [
            0.0,
            0.3333333333333333,
            1.0,
            0.0,
            0.0,
            0.0,
            0.0,
            0.0,
            0.0,
            0.0,
            0.0,
            0.0
        ]
    },
    "24": {
        "start": 268.64,
        "end": 274.48,
        "strategies": [
            0,
            1,
            0,
            0,
            0,
            0
        ],
        "feps": [
            0,
            0,
            0,
            0,
            0
        ],
        "whisperx_ner.pkl": [
            0.4,
            0.5,
            0.18,
            0.0625,
            0.0,
            0.3333333333333333
        ],
        "whisperx_sentiment.pkl": [
            1.0
        ],
        "whisperx_pos.pkl": [
            0.05442176870748299,
            0.18452380952380953,
            0.013157894736842105,
            0.04861111111111111,
            0.030864197530864196,
            0.0851063829787234,
            0.0,
            0.10510510510510511,
            0.14285714285714285,
            0.029411764705882353,
            0.012987012987012988,
            0.3424657534246575,
            0.042801556420233464,
            0.054945054945054944
        ],
        "llm_evaluative.pkl": [
            0.25
        ],
        "face_emotions_deepface.pkl": [
            0.17073170731707318,
            0.0,
            0.16260162601626016,
            0.33604336043360433,
            0.0921409214092141,
            0.0,
            0.23848238482384823
        ],
        "videoshot_scalemovement.pkl": [
            0.5
        ],
        "shot_density.pkl": [
            0.5677507709848479
        ],
        "siglip_shot_similarity.pkl": [
            0.4318265343623668,
            0.5559860519178613,
            0.35493709492947007,
            0.4626975376699743
        ],
        "convnextv2_shot_similarity.pkl": [
            0.36712577596379936,
            0.37611290512356416,
            0.24741176402539092,
            0.3550475555087529
        ],
        "places_shot_similarity.pkl": [
            0.643544916663444,
            0.6761576997435593,
            0.35092750980595594,
            0.5785176697274578
        ],
        "kinetics-vmae_action_shot_similarity.pkl": [
            0.6417578407713461,
            0.573747267448255,
            0.6327861400710277,
            0.5705636627045596
        ],
        "ssv2-vmae_action_shot_similarity.pkl": [
            0.42137118625815,
            0.3984383311701,
            0.3218075080358172,
            0.5179943975689919
        ],
        "kinetics-xclip_action_shot_similarity.pkl": [
            0.51462507546107,
            0.6020475164847139,
            0.5638914369642399,
            0.6352268947496306
        ],
        "face_analysis.pkl": [
            0.005269313765985728,
            0.04216420042278467,
            0.8875338753387534,
            0.5365853658536586
        ],
        "whisperxspeaker_audioclf.pkl": [
            1.0,
            0.0,
            0.0,
            0.0,
            0.0,
            0.0,
            0.0,
            0.0,
            0.0
        ],
        "whisperxspeaker_segmentClf.pkl": [
            0.0,
            1.0
        ],
        "speaker_turns_meta.pkl": [
            0.0,
            0.3333333333333333,
            1.0,
            0.0,
            0.0,
            0.0,
            0.0,
            0.0,
            0.0,
            0.0,
            0.0,
            0.0
        ]
    },
    "25": {
        "start": 274.52,
        "end": 279.92,
        "strategies": [
            0,
            1,
            0,
            0,
            0,
            0
        ],
        "feps": [
            0,
            0,
            0,
            0,
            0
        ],
        "whisperx_ner.pkl": [
            0.4,
            0.5,
            0.18,
            0.0625,
            0.0,
            0.3333333333333333
        ],
        "whisperx_sentiment.pkl": [
            1.0
        ],
        "whisperx_pos.pkl": [
            0.05442176870748299,
            0.18452380952380953,
            0.013157894736842105,
            0.04861111111111111,
            0.030864197530864196,
            0.0851063829787234,
            0.0,
            0.10510510510510511,
            0.14285714285714285,
            0.029411764705882353,
            0.012987012987012988,
            0.3424657534246575,
            0.042801556420233464,
            0.054945054945054944
        ],
        "llm_evaluative.pkl": [
            0.25
        ],
        "face_emotions_deepface.pkl": [
            0.0,
            0.0,
            0.0,
            0.0,
            0.0,
            0.0,
            0.0
        ],
        "videoshot_scalemovement.pkl": [
            1.0
        ],
        "shot_density.pkl": [
            0.62860624256251
        ],