{
    "64": {
        "start": 413.24,
        "end": 432.68,
        "strategies": [
            1,
            0,
            0,
            0,
            0,
            0
        ],
        "feps": [
            0,
            0,
            0,
            0,
            0
        ],
        "whisperx_ner.pkl": [
            0.1,
            0.0,
            0.02,
            0.125,
            0.0,
            0.0
        ],
        "whisperx_sentiment.pkl": [
            1.0
        ],
        "whisperx_pos.pkl": [
            0.05442176870748299,
            0.16071428571428573,
            0.043859649122807015,
            0.06944444444444445,
            0.043209876543209874,
            0.1099290780141844,
            0.0,
            0.10810810810810811,
            0.3333333333333333,
            0.0,
            0.017316017316017316,
            0.136986301369863,
            0.0622568093385214,
            0.06318681318681318
        ],
        "llm_evaluative.pkl": [
            0.25
        ],
        "face_emotions_deepface.pkl": [
            0.05475504322766571,
            0.0,
            0.011527377521613832,
            0.4546109510086455,
            0.07997118155619597,
            0.005043227665706052,
            0.3940922190201729
        ],
        "videoshot_scalemovement.pkl": [
            0.5
        ],
        "shot_density.pkl": [
            0.5166988431726595
        ],
        "siglip_shot_similarity.pkl": [
            0.3472987872105843,
            0.40410693529639674,
            0.4296606938619901,
            0.3318632855567806
        ],
        "convnextv2_shot_similarity.pkl": [
            0.1420871202328274,
            0.27237664292386615,
            0.3005967915502607,
            0.13342763057098886
        ],
        "places_shot_similarity.pkl": [
            0.5112609149619088,
            0.44300606960700223,
            0.670119736112139,
            0.5332002191422631
        ],
        "kinetics-vmae_action_shot_similarity.pkl": [
            0.5586598513226028,
            0.4776843105103711,
            0.5654944999121797,
            0.632289897744083
        ],
        "ssv2-vmae_action_shot_similarity.pkl": [
            0.44722629603644354,
            0.22714201260025071,
            0.5398829311363665,
            0.39731912986263324
        ],
        "kinetics-xclip_action_shot_similarity.pkl": [
            0.3963867966822109,
            0.3837310468698864,
            0.5176454879764845,
            0.5906905511087325
        ],
        "face_analysis.pkl": [
            0.021743384796010384,
            0.1112952065360224,
            1.0,
            0.25
        ],
        "whisperxspeaker_audioclf.pkl": [
            0.0,
            0.0,
            0.0,
            0.0,
            0.0,
            0.0,
            0.0,
            0.0,
            0.0
        ],
        "whisperxspeaker_segmentClf.pkl": [
            1.0,
            0.0
        ],
        "speaker_turns_meta.pkl": [
            0.0,
            0.3333333333333333,
            1.0,
            0.0,
            0.0,
            0.0,
            0.0,
            0.0,
            0.0,
            0.0,
            0.0,
            0.0
        ]
    },
    "65": {
        "start": 432.72,
        "end": 436.04,
        "strategies": [
            1,
            0,
            0,
            0,
            0,
            0
        ],
        "feps": [
            0,
            0,
            0,
            0,
            0
        ],
        "whisperx_ner.pkl": [
            0.1,
            0.0,
            0.02,
            0.125,
            0.0,
            0.0
        ],
        "whisperx_sentiment.pkl": [
            1.0
        ],
        "whisperx_pos.pkl": [
            0.05442176870748299,
            0.16071428571428573,
            0.043859649122807015,
            0.06944444444444445,
            0.043209876543209874,
            0.1099290780141844,
            0.0,
            0.10810810810810811,
            0.3333333333333333,
            0.0,
            0.017316017316017316,
            0.136986301369863,
            0.0622568093385214,
            0.06318681318681318
        ],
        "llm_evaluative.pkl": [
            0.25
        ],
        "face_emotions_deepface.pkl": [
            0.01639344262295082,
            0.0,
            0.22131147540983606,
            0.13114754098360656,
            0.3360655737704918,
            0.0,
            0.29508196721311475
        ],
        "videoshot_scalemovement.pkl": [
            0.75
        ],
        "shot_density.pkl": [
            0.7056380267254431
        ],
        "siglip_shot_similarity.pkl": [
            0.4421168687982359,
            0.42037969779155365,
            0.3800991231414411,
            0.25321572951120913
        ],
        "convnextv2_shot_similarity.pkl": [
            0.1748331057761552,
            0.3005967915502607,
            0.15694861829523976,
            0.13152234852195593
        ],
        "places_shot_similarity.pkl": [
            0.542994160640396,
            0.6544823016556057,
            0.43927682265197787,
            0.3496959530648535
        ],
        "kinetics-vmae_action_shot_similarity.pkl": [
            0.45249454734339883,
            0.5654944999121797,
            0.5151536063692568,
            0.4704190272183895
        ],
        "ssv2-vmae_action_shot_similarity.pkl": [
            0.3789960926835429,
            0.5398829311363665,
            0.3783042221709914,
            0.36512783257193254
        ],
        "kinetics-xclip_action_shot_similarity.pkl": [
            0.40816649230891694,
            0.5176454879764845,
            0.4752474890717802,
            0.3542223897342109
        ],
        "face_analysis.pkl": [
            0.010804742273729843,
            0.015825858424270124,
            1.0,
            0.6064981949458483
        ],
        "whisperxspeaker_audioclf.pkl": [
            0.0,
            0.0,
            0.0,
            0.0,
            0.0,
            0.0,
            0.0,
            0.0,
            0.0
        ],
        "whisperxspeaker_segmentClf.pkl": [
            1.0,
            0.0
        ],
        "speaker_turns_meta.pkl": [
            0.0,
            0.3333333333333333,
            1.0,
            0.0,
            0.0,
            0.0,
            0.0,
            0.0,
            0.0,
            0.0,
            0.0,
            0.0
        ]
    },
    "66": {
        "start": 436.08,
        "end": 438.36,
        "strategies": [
            1,
            0,
            0,
            0,
            0,
            0
        ],
        "feps": [
            0,
            0,
            0,
            0,
            0
        ],
        "whisperx_ner.pkl": [
            0.1,
            0.0,
            0.02,
            0.125,
            0.0,
            0.0
        ],
        "whisperx_sentiment.pkl": [
            1.0
        ],
        "whisperx_pos.pkl": [
            0.05442176870748299,
            0.16071428571428573,
            0.043859649122807015,
            0.06944444444444445,
            0.043209876543209874,
            0.1099290780141844,
            0.0,
            0.10810810810810811,
            0.3333333333333333,
            0.0,
            0.017316017316017316,
            0.136986301369863,
            0.0622568093385214,
            0.06318681318681318
        ],
        "llm_evaluative.pkl": [
            0.25
        ],
        "face_emotions_deepface.pkl": [
            0.0,
            0.0,
            0.0,
            0.0,
            0.6666666666666666,
            0.0,
            0.3333333333333333
        ],
        "videoshot_scalemovement.pkl": [
            0.0
        ],
        "shot_density.pkl": [
            0.7437483655200328
        ],