{
    "38": {
        "start": 230.16,
        "end": 264.88,
        "strategies": [
            0,
            0,
            0,
            0,
            0,
            0
        ],
        "feps": [
            1,
            0,
            0,
            0,
            0
        ],
        "whisperx_ner.pkl": [
            2.0,
            4.0,
            5.0,
            3.0,
            0.0,
            0.0
        ],
        "whisperx_sentiment.pkl": [
            0.5
        ],
        "whisperx_pos.pkl": [
            15.0,
            29.0,
            41.0,
            14.0,
            17.0,
            44.0,
            0.0,
            52.0,
            1.0,
            9.0,
            24.0,
            20.0,
            27.0,
            51.0
        ],
        "llm_evaluative.pkl": [
            1.0
        ],
        "face_emotions_deepface.pkl": [
            0.1815126050420168,
            0.0,
            0.01680672268907563,
            0.0,
            0.07226890756302522,
            0.5142857142857142,
            0.21512605042016808
        ],
        "videoshot_scalemovement.pkl": [
            0.5
        ],
        "shot_density.pkl": [
            0.1903090037204786
        ],
        "siglip_shot_similarity.pkl": [
            0.50244140625,
            0.5205078125,
            0.73388671875,
            0.9072265625
        ],
        "convnextv2_shot_similarity.pkl": [
            0.05650511756539345,
            0.14198215305805206,
            0.5714759826660156,
            0.9248802661895752
        ],
        "places_shot_similarity.pkl": [
            0.5848959684371948,
            0.5551531910896301,
            0.7000553011894226,
            0.9443565011024475
        ],
        "kinetics-vmae_action_shot_similarity.pkl": [
            0.7170141339302063,
            0.632366955280304,
            0.8910467624664307,
            0.940888524055481
        ],
        "ssv2-vmae_action_shot_similarity.pkl": [
            0.7076853513717651,
            0.5394620299339294,
            0.7503303289413452,
            0.8622093200683594
        ],
        "kinetics-xclip_action_shot_similarity.pkl": [
            0.4818788170814514,
            0.4485907256603241,
            0.760859489440918,
            0.8856538534164429
        ],
        "face_analysis.pkl": [
            0.014999404398015004,
            869,
            1.0,
            1.0
        ],
        "whisperxspeaker_audioclf.pkl": [
            1.0,
            0.0,
            0.0,
            0.0,
            0.0,
            0.0,
            0.0,
            0.0,
            0.0
        ],
        "whisperxspeaker_segmentClf.pkl": [
            1,
            1
        ],
        "speaker_turns_meta.pkl": [
            1.0,
            2,
            0.5,
            0.0,
            0.0,
            0.0,
            0.0,
            0.0,
            0.0,
            0.0,
            0.0,
            0.0
        ]
    },
    "39": {
        "start": 264.92,
        "end": 267.88,
        "strategies": [
            0,
            0,
            0,
            0,
            0,
            0
        ],
        "feps": [
            1,
            1,
            0,
            0,
            0
        ],
        "whisperx_ner.pkl": [
            0.0,
            1.0,
            3.0,
            2.0,
            0.0,
            0.0
        ],
        "whisperx_sentiment.pkl": [
            0.5
        ],
        "whisperx_pos.pkl": [
            10.0,
            20.0,
            35.0,
            13.0,
            14.0,
            29.0,
            0.0,
            33.0,
            0.0,
            8.0,
            21.0,
            7.0,
            19.0,
            36.0
        ],
        "llm_evaluative.pkl": [
            1.0
        ],
        "face_emotions_deepface.pkl": [
            0.014492753623188406,
            0.0,
            0.0,
            0.0,
            0.0,
            0.0,
            0.9855072463768116
        ],
        "videoshot_scalemovement.pkl": [
            0.5
        ],
        "shot_density.pkl": [
            0.2820714205209114
        ],
        "siglip_shot_similarity.pkl": [
            0.49462890625,
            0.73388671875,
            0.771484375,
            0.9697265625
        ],
        "convnextv2_shot_similarity.pkl": [
            0.09396062791347504,
            0.5714759230613708,
            0.5728394985198975,
            0.9539017677307129
        ],
        "places_shot_similarity.pkl": [
            0.4516230821609497,
            0.7000552415847778,
            0.719671368598938,
            0.991605818271637
        ],
        "kinetics-vmae_action_shot_similarity.pkl": [
            0.6702403426170349,
            0.8910467624664307,
            0.9325105547904968,
            0.9019468426704407
        ],
        "ssv2-vmae_action_shot_similarity.pkl": [
            0.49836212396621704,
            0.7503303289413452,
            0.7149016857147217,
            0.881869912147522
        ],
        "kinetics-xclip_action_shot_similarity.pkl": [
            0.4228641986846924,
            0.760859489440918,
            0.812118411064148,
            0.9869883060455322
        ],
        "face_analysis.pkl": [
            0.01992683738425926,
            75,
            1.0,
            0.0
        ],
        "whisperxspeaker_audioclf.pkl": [
            1.0,
            0.0,
            0.0,
            0.0,
            0.0,
            0.0,
            0.0,
            0.0,
            0.0
        ],
        "whisperxspeaker_segmentClf.pkl": [
            1,
            0
        ],
        "speaker_turns_meta.pkl": [
            1.0,
            1,
            0.0,
            0.0,
            0.0,
            0.0,
            0.0,
            0.0,
            0.0,
            0.0,
            0.0,
            0.0
        ]
    },
    "40": {
        "start": 267.92,
        "end": 270.88,
        "strategies": [
            0,
            0,
            0,
            0,
            0,
            0
        ],
        "feps": [
            1,
            1,
            0,
            0,
            0
        ],
        "whisperx_ner.pkl": [
            0.0,
            1.0,
            3.0,
            2.0,
            0.0,
            0.0
        ],
        "whisperx_sentiment.pkl": [
            0.5
        ],
        "whisperx_pos.pkl": [
            10.0,
            20.0,
            35.0,
            13.0,
            14.0,
            29.0,
            0.0,
            33.0,
            0.0,
            8.0,
            21.0,
            7.0,
            19.0,
            36.0
        ],
        "llm_evaluative.pkl": [
            1.0
        ],
        "face_emotions_deepface.pkl": [
            0.12121212121212122,
            0.0,
            0.0,
            0.0,
            0.696969696969697,
            0.0,
            0.18181818181818182
        ],
        "videoshot_scalemovement.pkl": [
            0.5
        ],
        "shot_density.pkl": [
            0.2820713948628621
        ],
        "siglip_shot_similarity.pkl": [
            0.9072265625,
            0.771484375,
            0.763671875,
            0.9072265625
        ],
        "convnextv2_shot_similarity.pkl": [
            0.9248802661895752,
            0.5728395581245422,
            0.57237309217453,
            0.9105889797210693
        ],
        "places_shot_similarity.pkl": [
            0.9443565011024475,
            0.719671368598938,
            0.7187836170196533,
            0.9289050698280334
        ],
        "kinetics-vmae_action_shot_similarity.pkl": [
            0.940888524055481,
            0.9325105547904968,
            0.8129780292510986,
            0.9761052131652832
        ],
        "ssv2-vmae_action_shot_similarity.pkl": [
            0.8622093200683594,
            0.7149016857147217,
            0.6288555860519409,
            0.8482385277748108
        ],