{
    "32": {
        "start": 213.92,
        "end": 237.72,
        "strategies": [
            0,
            0,
            0,
            0,
            0,
            0
        ],
        "feps": [
            0,
            1,
            0,
            0,
            0
        ],
        "whisperx_ner.pkl": [
            3.0,
            4.0,
            9.0,
            1.0,
            0.0,
            1.0
        ],
        "whisperx_sentiment.pkl": [
            0.5
        ],
        "whisperx_pos.pkl": [
            11.0,
            23.0,
            22.0,
            10.0,
            6.0,
            27.0,
            0.0,
            28.0,
            8.0,
            1.0,
            11.0,
            27.0,
            19.0,
            38.0
        ],
        "llm_evaluative.pkl": [
            0.25
        ],
        "face_emotions_deepface.pkl": [
            0.1501597444089457,
            0.0,
            0.08945686900958466,
            0.0,
            0.5079872204472844,
            0.19488817891373802,
            0.05750798722044728
        ],
        "videoshot_scalemovement.pkl": [
            0.5
        ],
        "shot_density.pkl": [
            0.11987076947823243
        ],
        "siglip_shot_similarity.pkl": [
            0.546875,
            0.654296875,
            0.6728515625,
            0.916015625
        ],
        "convnextv2_shot_similarity.pkl": [
            0.0732712671160698,
            0.25343191623687744,
            0.4950352609157562,
            0.8618960976600647
        ],
        "places_shot_similarity.pkl": [
            0.452511727809906,
            0.644590437412262,
            0.7091111540794373,
            0.9440918564796448
        ],
        "kinetics-vmae_action_shot_similarity.pkl": [
            0.7254103422164917,
            0.745888352394104,
            0.8902873396873474,
            0.9311363697052002
        ],
        "ssv2-vmae_action_shot_similarity.pkl": [
            0.30203691124916077,
            0.5286375880241394,
            0.7649284601211548,
            0.8722332715988159
        ],
        "kinetics-xclip_action_shot_similarity.pkl": [
            0.3106752038002014,
            0.6080832481384277,
            0.6377855539321899,
            0.884151816368103
        ],
        "face_analysis.pkl": [
            0.014388685347338729,
            596,
            1.0,
            1.0
        ],
        "whisperxspeaker_audioclf.pkl": [
            1.0,
            0.0,
            0.0,
            0.0,
            0.0,
            0.0,
            0.0,
            0.0,
            0.0
        ],
        "whisperxspeaker_segmentClf.pkl": [
            1,
            1
        ],
        "speaker_turns_meta.pkl": [
            1.0,
            2,
            0.5,
            0.5,
            0.0,
            0.0,
            0.0,
            0.0,
            0.0,
            0.0,
            0.0,
            0.0
        ]
    }
}