{
    "9": {
        "start": 69.4,
        "end": 74.8,
        "strategies": [
            0,
            0,
            0,
            0,
            0,
            0
        ],
        "feps": [
            0,
            0,
            0,
            0,
            0
        ],
        "whisperx_ner.pkl": [
            2.0,
            2.0,
            11.0,
            2.0,
            0.0,
            0.0
        ],
        "whisperx_sentiment.pkl": [
            0.5
        ],
        "whisperx_pos.pkl": [
            13.0,
            37.0,
            26.0,
            11.0,
            7.0,
            47.0,
            0.0,
            53.0,
            2.0,
            4.0,
            4.0,
            21.0,
            23.0,
            39.0
        ],
        "llm_evaluative.pkl": [
            1.0
        ],
        "face_emotions_deepface.pkl": [
            0.0,
            0.0,
            0.0,
            0.0,
            1.0,
            0.0,
            0.0
        ],
        "videoshot_scalemovement.pkl": [
            0
        ],
        "shot_density.pkl": [
            0.40011337383577805
        ],
        "siglip_shot_similarity.pkl": [
            0.52734375,
            0.53125,
            0.44873046875,
            0.4677734375
        ],
        "convnextv2_shot_similarity.pkl": [
            0.4927605092525482,
            0.4667116701602936,
            0.18236854672431946,
            0.11301113665103912
        ],
        "places_shot_similarity.pkl": [
            0.8357994556427002,
            0.751502275466919,
            0.6437666416168213,
            0.5464622974395752
        ],
        "kinetics-vmae_action_shot_similarity.pkl": [
            0.73277747631073,
            0.5970619916915894,
            0.8868009448051453,
            0.7159587144851685
        ],
        "ssv2-vmae_action_shot_similarity.pkl": [
            0.12868712842464447,
            0.41789010167121887,
            0.5657029151916504,
            0.5501099824905396
        ],
        "kinetics-xclip_action_shot_similarity.pkl": [
            0.615702748298645,
            0.586495578289032,
            0.3999485969543457,
            0.3141384720802307
        ],
        "face_analysis.pkl": [
            0.01406467013888889,
            3,
            1.0,
            1.0
        ],
        "whisperxspeaker_audioclf.pkl": [
            1.0,
            0.0,
            0.0,
            0.0,
            0.0,
            0.0,
            0.0,
            0.0,
            0.0
        ],
        "whisperxspeaker_segmentClf.pkl": [
            0,
            1
        ],
        "speaker_turns_meta.pkl": [
            1.0,
            1,
            0.0,
            1.0,
            0.0,
            0.0,
            0.0,
            0.0,
            0.0,
            0.0,
            0.0,
            1.0
        ]
    },
    "10": {
        "start": 74.84,
        "end": 80.56,
        "strategies": [
            1,
            0,
            0,
            0,
            0,
            0
        ],
        "feps": [
            0,
            0,
            0,
            0,
            0
        ],
        "whisperx_ner.pkl": [
            2.0,
            2.0,
            11.0,
            2.0,
            0.0,
            0.0
        ],
        "whisperx_sentiment.pkl": [
            0.5
        ],
        "whisperx_pos.pkl": [
            13.0,
            37.0,
            26.0,
            11.0,
            7.0,
            47.0,
            0.0,
            53.0,
            2.0,
            4.0,
            4.0,
            21.0,
            23.0,
            39.0
        ],
        "llm_evaluative.pkl": [
            1.0
        ],
        "face_emotions_deepface.pkl": [
            0.19402985074626866,
            0.0,
            0.014925373134328358,
            0.0,
            0.47761194029850745,
            0.31343283582089554,
            0.0
        ],
        "videoshot_scalemovement.pkl": [
            0.5
        ],
        "shot_density.pkl": [
            0.3647727749256677
        ],
        "siglip_shot_similarity.pkl": [
            0.4580078125,
            0.44873046875,
            0.583984375,
            0.57421875
        ],
        "convnextv2_shot_similarity.pkl": [
            0.14199113845825195,
            0.18236854672431946,
            0.12098754942417145,
            0.23272399604320526
        ],
        "places_shot_similarity.pkl": [
            0.6210907101631165,
            0.6437666416168213,
            0.5785579681396484,
            0.6157169342041016
        ],
        "kinetics-vmae_action_shot_similarity.pkl": [
            0.6261723637580872,
            0.8868009448051453,
            0.7982305884361267,
            0.8296325206756592
        ],
        "ssv2-vmae_action_shot_similarity.pkl": [
            0.42687487602233887,
            0.5657029151916504,
            0.6667841672897339,
            0.6727727055549622
        ],
        "kinetics-xclip_action_shot_similarity.pkl": [
            0.5374998450279236,
            0.3999485969543457,
            0.3418077826499939,
            0.38162994384765625
        ],
        "face_analysis.pkl": [
            0.01488115475501544,
            144,
            1.0,
            1.0
        ],
        "whisperxspeaker_audioclf.pkl": [
            1.0,
            0.0,
            0.0,
            0.0,
            0.0,
            0.0,
            0.0,
            0.0,
            0.0
        ],
        "whisperxspeaker_segmentClf.pkl": [
            0,
            1
        ],
        "speaker_turns_meta.pkl": [
            1.0,
            1,
            0.0,
            1.0,
            0.0,
            0.0,
            0.0,
            0.0,
            0.0,
            0.0,
            0.0,
            1.0
        ]
    },
    "11": {
        "start": 80.6,
        "end": 84.32,
        "strategies": [
            0,
            0,
            0,
            0,
            0,
            0
        ],
        "feps": [
            0,
            0,
            0,
            0,
            0
        ],
        "whisperx_ner.pkl": [
            2.0,
            2.0,
            11.0,
            2.0,
            0.0,
            0.0
        ],
        "whisperx_sentiment.pkl": [
            0.5
        ],
        "whisperx_pos.pkl": [
            13.0,
            37.0,
            26.0,
            11.0,
            7.0,
            47.0,
            0.0,
            53.0,
            2.0,
            4.0,
            4.0,
            21.0,
            23.0,
            39.0
        ],
        "llm_evaluative.pkl": [
            1.0
        ],
        "face_emotions_deepface.pkl": [
            0.08823529411764706,
            0.0,
            0.27941176470588236,
            0.0,
            0.27941176470588236,
            0.0,
            0.35294117647058826
        ],
        "videoshot_scalemovement.pkl": [
            0.75
        ],
        "shot_density.pkl": [
            0.3157033423696138
        ],
        "siglip_shot_similarity.pkl": [
            0.4677734375,
            0.583984375,
            0.8427734375,
            0.71240234375
        ],
        "convnextv2_shot_similarity.pkl": [
            0.11301113665103912,
            0.12098754942417145,
            0.6124473810195923,
            0.23856863379478455
        ],
        "places_shot_similarity.pkl": [
            0.5464622974395752,
            0.5785579681396484,
            0.8631038665771484,
            0.6324173808097839
        ],
        "kinetics-vmae_action_shot_similarity.pkl": [
            0.7159587144851685,
            0.7982305884361267,
            0.8726963996887207,
            0.6202322244644165
        ],
        "ssv2-vmae_action_shot_similarity.pkl": [
            0.5501099824905396,
            0.6667841672897339,
            0.6417070627212524,
            0.3896428644657135
        ],