{
    "6": {
        "start": 72.44,
        "end": 107.52,
        "strategies": [
            0,
            0,
            0,
            0,
            0,
            0
        ],
        "feps": [
            0,
            0,
            0,
            0,
            0
        ],
        "whisperx_ner.pkl": [
            2.0,
            0.0,
            9.0,
            1.0,
            0.0,
            0.0
        ],
        "whisperx_sentiment.pkl": [
            0.5
        ],
        "whisperx_pos.pkl": [
            15.0,
            22.0,
            10.0,
            6.0,
            5.0,
            30.0,
            0.0,
            42.0,
            2.0,
            0.0,
            14.0,
            17.0,
            14.0,
            36.0
        ],
        "llm_evaluative.pkl": [
            0.25
        ],
        "face_emotions_deepface.pkl": [
            0.06040268456375839,
            0.0,
            0.0,
            0.0,
            0.8221476510067114,
            0.09731543624161074,
            0.020134228187919462
        ],
        "videoshot_scalemovement.pkl": [
            0.5
        ],
        "shot_density.pkl": [
            0.058312759135365586
        ],
        "siglip_shot_similarity.pkl": [
            0.5703125,
            0.57666015625,
            0.57177734375,
            0.6279296875
        ],
        "convnextv2_shot_similarity.pkl": [
            0.15957418084144592,
            0.10704247653484344,
            0.14975321292877197,
            0.37405869364738464
        ],
        "places_shot_similarity.pkl": [
            0.6137583255767822,
            0.5838937759399414,
            0.5351191759109497,
            0.5855892896652222
        ],
        "kinetics-vmae_action_shot_similarity.pkl": [
            0.9883261919021606,
            0.9780887961387634,
            0.6670107245445251,
            0.7729982733726501
        ],
        "ssv2-vmae_action_shot_similarity.pkl": [
            0.7779132723808289,
            0.6951457262039185,
            0.4299768805503845,
            0.4737088978290558
        ],
        "kinetics-xclip_action_shot_similarity.pkl": [
            0.526724100112915,
            0.39972594380378723,
            0.5494324564933777,
            0.5394419431686401
        ],
        "face_analysis.pkl": [
            0.01142531230044697,
            870,
            1.0,
            0.7827586206896552
        ],
        "whisperxspeaker_audioclf.pkl": [
            1.0,
            0.0,
            0.0,
            0.0,
            0.0,
            0.0,
            0.0,
            0.0,
            0.0
        ],
        "whisperxspeaker_segmentClf.pkl": [
            0,
            1
        ],
        "speaker_turns_meta.pkl": [
            1.0,
            1,
            0.0,
            0.0,
            0.0,
            0.0,
            0.0,
            0.0,
            0.0,
            0.0,
            0.0,
            1.0
        ]
    },
    "7": {
        "start": 107.56,
        "end": 282.28,
        "strategies": [
            0,
            0,
            1,
            0,
            1,
            0
        ],
        "feps": [
            0,
            0,
            0,
            0,
            0
        ],
        "whisperx_ner.pkl": [
            0.0,
            0.0,
            14.0,
            1.0,
            0.0,
            0.0
        ],
        "whisperx_sentiment.pkl": [
            0.5
        ],
        "whisperx_pos.pkl": [
            22.0,
            35.0,
            47.0,
            17.0,
            17.0,
            57.0,
            0.0,
            71.0,
            4.0,
            9.0,
            21.0,
            17.0,
            42.0,
            56.0
        ],
        "llm_evaluative.pkl": [
            1.0
        ],
        "face_emotions_deepface.pkl": [
            0.19409731454400425,
            0.0,
            0.09066737569795268,
            0.0026588673225206062,
            0.7080563679872375,
            0.0,
            0.00452007444828503
        ],
        "videoshot_scalemovement.pkl": [
            0.5
        ],
        "shot_density.pkl": [
            0.017310710694203982
        ],
        "siglip_shot_similarity.pkl": [
            0.55908203125,
            0.57177734375,
            0.638671875,
            0.60791015625
        ],
        "convnextv2_shot_similarity.pkl": [
            0.07335171848535538,
            0.14975321292877197,
            0.1907052993774414,
            0.144905224442482
        ],
        "places_shot_similarity.pkl": [
            0.5819493532180786,
            0.5351191759109497,
            0.5843173265457153,
            0.5732744336128235
        ],
        "kinetics-vmae_action_shot_similarity.pkl": [
            0.6624099016189575,
            0.6670107245445251,
            0.758529782295227,
            0.5682217478752136
        ],
        "ssv2-vmae_action_shot_similarity.pkl": [
            0.4018927812576294,
            0.4299768805503845,
            0.39792925119400024,
            0.3729238510131836
        ],
        "kinetics-xclip_action_shot_similarity.pkl": [
            0.4349435567855835,
            0.5494324564933777,
            0.5587741136550903,
            0.28068530559539795
        ],
        "face_analysis.pkl": [
            0.040218860048518656,
            4364,
            0.9997708524289642,
            0.903987167736022
        ],
        "whisperxspeaker_audioclf.pkl": [
            1.0,
            0.0,
            0.0,
            0.0,
            0.0,
            0.0,
            0.0,
            0.0,
            0.0
        ],
        "whisperxspeaker_segmentClf.pkl": [
            1,
            0
        ],
        "speaker_turns_meta.pkl": [
            1.0,
            1,
            0.0,
            1.0,
            0.0,
            0.0,
            0.0,
            0.0,
            0.0,
            0.0,
            0.0,
            0.0
        ]
    }
}