{
    "109": {
        "start": 753.44,
        "end": 759.64,
        "strategies": [
            0,
            0,
            0,
            0,
            0,
            0
        ],
        "feps": [
            0,
            0,
            1,
            0,
            0
        ],
        "whisperx_ner.pkl": [
            2.0,
            2.0,
            23.0,
            5.0,
            0.0,
            0.0
        ],
        "whisperx_sentiment.pkl": [
            0.5
        ],
        "whisperx_pos.pkl": [
            27.0,
            40.0,
            17.0,
            14.0,
            3.0,
            56.0,
            0.0,
            66.0,
            5.0,
            0.0,
            7.0,
            36.0,
            26.0,
            40.0
        ],
        "llm_evaluative.pkl": [
            0.25
        ],
        "face_emotions_deepface.pkl": [
            0.0,
            0.0,
            0.30718954248366015,
            0.0196078431372549,
            0.673202614379085,
            0.0,
            0.0
        ],
        "videoshot_scalemovement.pkl": [
            0.25
        ],
        "shot_density.pkl": [
            0.5587580237855374
        ],
        "siglip_shot_similarity.pkl": [
            0.406982421875,
            0.51123046875,
            0.7529296875,
            0.83203125
        ],
        "convnextv2_shot_similarity.pkl": [
            0.12236617505550385,
            0.28642603754997253,
            0.38649982213974,
            0.5141226649284363
        ],
        "places_shot_similarity.pkl": [
            0.518669843673706,
            0.6406140327453613,
            0.735090434551239,
            0.8150011301040649
        ],
        "kinetics-vmae_action_shot_similarity.pkl": [
            0.7919684052467346,
            0.6618993878364563,
            0.8840146064758301,
            0.7239413857460022
        ],
        "ssv2-vmae_action_shot_similarity.pkl": [
            0.5945577621459961,
            0.3630538582801819,
            0.7632818818092346,
            0.6352955102920532
        ],
        "kinetics-xclip_action_shot_similarity.pkl": [
            0.4203946590423584,
            0.41937148571014404,
            0.8104493618011475,
            0.8307621479034424
        ],
        "face_analysis.pkl": [
            0.043428485576923075,
            156,
            1.0,
            1.0
        ],
        "whisperxspeaker_audioclf.pkl": [
            1.0,
            0.0,
            0.0,
            0.0,
            0.0,
            0.0,
            0.0,
            0.0,
            0.0
        ],
        "whisperxspeaker_segmentClf.pkl": [
            0,
            1
        ],
        "speaker_turns_meta.pkl": [
            0.0,
            1,
            0.0,
            1.0,
            0.0,
            0.0,
            0.0,
            0.0,
            0.0,
            0.0,
            0.0,
            1.0
        ]
    },
    "110": {
        "start": 759.68,
        "end": 764.32,
        "strategies": [
            0,
            0,
            0,
            0,
            0,
            0
        ],
        "feps": [
            0,
            0,
            1,
            0,
            0
        ],
        "whisperx_ner.pkl": [
            2.0,
            2.0,
            23.0,
            5.0,
            0.0,
            0.0
        ],
        "whisperx_sentiment.pkl": [
            0.5
        ],
        "whisperx_pos.pkl": [
            27.0,
            40.0,
            17.0,
            14.0,
            3.0,
            56.0,
            0.0,
            66.0,
            5.0,
            0.0,
            7.0,
            36.0,
            26.0,
            40.0
        ],
        "llm_evaluative.pkl": [
            0.25
        ],
        "face_emotions_deepface.pkl": [
            0.0,
            0.0,
            0.0,
            0.0,
            0.0,
            0.0,
            0.0
        ],
        "videoshot_scalemovement.pkl": [
            0
        ],
        "shot_density.pkl": [
            0.5695463815076993
        ],
        "siglip_shot_similarity.pkl": [
            0.552734375,
            0.7529296875,
            0.80224609375,
            0.79296875
        ],
        "convnextv2_shot_similarity.pkl": [
            0.34839364886283875,
            0.3864998519420624,
            0.3347358703613281,
            0.3659566044807434
        ],
        "places_shot_similarity.pkl": [
            0.6784176826477051,
            0.735090434551239,
            0.7813810706138611,
            0.7586380839347839
        ],
        "kinetics-vmae_action_shot_similarity.pkl": [
            0.6719234585762024,
            0.8840146064758301,
            0.7457627654075623,
            0.9003962874412537
        ],
        "ssv2-vmae_action_shot_similarity.pkl": [
            0.2871582806110382,
            0.7632818818092346,
            0.7459588050842285,
            0.6833221316337585
        ],
        "kinetics-xclip_action_shot_similarity.pkl": [
            0.3866918385028839,
            0.8104493618011475,
            0.6941603422164917,
            0.8152281045913696
        ],
        "face_analysis.pkl": [
            0,
            0,
            0.5,
            0.5
        ],
        "whisperxspeaker_audioclf.pkl": [
            1.0,
            0.0,
            0.0,
            0.0,
            0.0,
            0.0,
            0.0,
            0.0,
            0.0
        ],
        "whisperxspeaker_segmentClf.pkl": [
            0,
            1
        ],
        "speaker_turns_meta.pkl": [
            0.0,
            1,
            0.0,
            1.0,
            0.0,
            0.0,
            0.0,
            0.0,
            0.0,
            0.0,
            0.0,
            1.0
        ]
    },
    "111": {
        "start": 764.36,
        "end": 768.76,
        "strategies": [
            0,
            0,
            0,
            0,
            0,
            0
        ],
        "feps": [
            0,
            0,
            1,
            0,
            0
        ],
        "whisperx_ner.pkl": [
            2.0,
            2.0,
            23.0,
            5.0,
            0.0,
            0.0
        ],
        "whisperx_sentiment.pkl": [
            0.5
        ],
        "whisperx_pos.pkl": [
            27.0,
            40.0,
            17.0,
            14.0,
            3.0,
            56.0,
            0.0,
            66.0,
            5.0,
            0.0,
            7.0,
            36.0,
            26.0,
            40.0
        ],
        "llm_evaluative.pkl": [
            0.25
        ],
        "face_emotions_deepface.pkl": [
            0.0,
            0.0,
            0.0,
            0.0,
            0.0,
            0.0,
            0.0
        ],
        "videoshot_scalemovement.pkl": [
            0
        ],
        "shot_density.pkl": [
            0.5793536399169135
        ],
        "siglip_shot_similarity.pkl": [
            0.83203125,
            0.80224609375,
            0.8525390625,
            0.55859375
        ],
        "convnextv2_shot_similarity.pkl": [
            0.5141226649284363,
            0.3347358703613281,
            0.4843820035457611,
            0.24654050171375275
        ],
        "places_shot_similarity.pkl": [
            0.8150011301040649,
            0.7813810706138611,
            0.8248463869094849,
            0.656940221786499
        ],
        "kinetics-vmae_action_shot_similarity.pkl": [
            0.7239413857460022,
            0.7457627654075623,
            0.7610273361206055,
            0.7271103858947754
        ],
        "ssv2-vmae_action_shot_similarity.pkl": [
            0.6352955102920532,
            0.7459588050842285,
            0.6458208560943604,
            0.28887054324150085
        ],