{
    "119": {
        "start": 799.6,
        "end": 802.36,
        "strategies": [],
        "stories": [
            "story07:russia-germany"
        ],
        "feps": [],
        "whisperx_ner.pkl": [
            2.0,
            2.0,
            23.0,
            5.0,
            0.0,
            0.0
        ],
        "whisperx_sentiment.pkl": [
            0.5
        ],
        "whisperx_pos.pkl": [
            27.0,
            40.0,
            17.0,
            14.0,
            3.0,
            56.0,
            0.0,
            66.0,
            5.0,
            0.0,
            7.0,
            36.0,
            26.0,
            40.0
        ],
        "llm_evaluative.pkl": [
            0.25
        ],
        "face_emotions_deepface.pkl": [
            0.0,
            0.0,
            0.0,
            0.0,
            0.0,
            0.0,
            0.0
        ],
        "videoshot_scalemovement.pkl": [
            0.75
        ],
        "shot_density.pkl": [
            0.5570906951572413
        ],
        "siglip_shot_similarity.pkl": [
            0.462646484375,
            0.440185546875,
            0.603515625,
            0.583984375
        ],
        "convnextv2_shot_similarity.pkl": [
            0.11968301236629486,
            0.14780980348587036,
            0.14665494859218597,
            0.09867622703313828
        ],
        "places_shot_similarity.pkl": [
            0.676132082939148,
            0.6856852173805237,
            0.7326230406761169,
            0.6697742938995361
        ],
        "kinetics-vmae_action_shot_similarity.pkl": [
            0.6294705867767334,
            0.602683961391449,
            0.6438443064689636,
            0.7597458362579346
        ],
        "ssv2-vmae_action_shot_similarity.pkl": [
            0.4486525058746338,
            0.46002960205078125,
            0.5121966600418091,
            0.6891010999679565
        ],
        "kinetics-xclip_action_shot_similarity.pkl": [
            0.4093417525291443,
            0.333101361989975,
            0.4935191869735718,
            0.4947812557220459
        ],
        "face_analysis.pkl": [
            0,
            0,
            0.5,
            0.5
        ],
        "whisperxspeaker_audioclf.pkl": [
            1.0,
            0.0,
            0.0,
            0.0,
            0.0,
            0.0,
            0.0,
            0.0,
            0.0
        ],
        "whisperxspeaker_segmentClf.pkl": [
            0,
            1
        ],
        "speaker_turns_meta.pkl": [
            0.0,
            1,
            0.0,
            1.0,
            0.0,
            0.0,
            0.0,
            0.0,
            0.0,
            0.0,
            0.0,
            1.0
        ]
    },
    "120": {
        "start": 802.4,
        "end": 807.0,
        "strategies": [],
        "stories": [
            "story07:russia-germany"
        ],
        "feps": [],
        "whisperx_ner.pkl": [
            2.0,
            2.0,
            23.0,
            5.0,
            0.0,
            0.0
        ],
        "whisperx_sentiment.pkl": [
            0.5
        ],
        "whisperx_pos.pkl": [
            27.0,
            40.0,
            17.0,
            14.0,
            3.0,
            56.0,
            0.0,
            66.0,
            5.0,
            0.0,
            7.0,
            36.0,
            26.0,
            40.0
        ],
        "llm_evaluative.pkl": [
            0.25
        ],
        "face_emotions_deepface.pkl": [
            0.0,
            0.0,
            0.0,
            0.0,
            0.0,
            0.0,
            0.0
        ],
        "videoshot_scalemovement.pkl": [
            0.25
        ],
        "shot_density.pkl": [
            0.5650176367299925
        ],
        "siglip_shot_similarity.pkl": [
            0.52587890625,
            0.603515625,
            0.673828125,
            0.7080078125
        ],
        "convnextv2_shot_similarity.pkl": [
            0.2315671741962433,
            0.14665494859218597,
            0.40745487809181213,
            0.3139748275279999
        ],
        "places_shot_similarity.pkl": [
            0.6218768954277039,
            0.7326230406761169,
            0.7273347973823547,
            0.6515673995018005
        ],
        "kinetics-vmae_action_shot_similarity.pkl": [
            0.47090259194374084,
            0.6438443064689636,
            0.6292420029640198,
            0.5466132164001465
        ],
        "ssv2-vmae_action_shot_similarity.pkl": [
            0.33985936641693115,
            0.5121966600418091,
            0.41783255338668823,
            0.2594451308250427
        ],
        "kinetics-xclip_action_shot_similarity.pkl": [
            0.30098047852516174,
            0.4935191869735718,
            0.6656796932220459,
            0.5760815143585205
        ],
        "face_analysis.pkl": [
            0,
            0,
            0.5,
            0.5
        ],
        "whisperxspeaker_audioclf.pkl": [
            1.0,
            0.0,
            0.0,
            0.0,
            0.0,
            0.0,
            0.0,
            0.0,
            0.0
        ],
        "whisperxspeaker_segmentClf.pkl": [
            0,
            1
        ],
        "speaker_turns_meta.pkl": [
            0.0,
            1,
            0.0,
            1.0,
            0.0,
            0.0,
            0.0,
            0.0,
            0.0,
            0.0,
            0.0,
            1.0
        ]
    },
    "121": {
        "start": 807.04,
        "end": 813.6,
        "strategies": [],
        "stories": [
            "story07:russia-germany"
        ],
        "feps": [],
        "whisperx_ner.pkl": [
            2.0,
            2.0,
            23.0,
            5.0,
            0.0,
            0.0
        ],
        "whisperx_sentiment.pkl": [
            0.5
        ],
        "whisperx_pos.pkl": [
            27.0,
            40.0,
            17.0,
            14.0,
            3.0,
            56.0,
            0.0,
            66.0,
            5.0,
            0.0,
            7.0,
            36.0,
            26.0,
            40.0
        ],
        "llm_evaluative.pkl": [
            0.25
        ],
        "face_emotions_deepface.pkl": [
            0.0,
            0.0,
            0.0,
            0.0,
            0.0,
            0.0,
            0.0
        ],
        "videoshot_scalemovement.pkl": [
            0.75
        ],
        "shot_density.pkl": [
            0.5851841850934483
        ],
        "siglip_shot_similarity.pkl": [
            0.583984375,
            0.673828125,
            0.76171875,
            0.57080078125
        ],
        "convnextv2_shot_similarity.pkl": [
            0.09867622703313828,
            0.4074549078941345,
            0.6019773483276367,
            0.22148539125919342
        ],
        "places_shot_similarity.pkl": [
            0.6697744131088257,
            0.7273347973823547,
            0.6988212466239929,
            0.6079303622245789
        ],
        "kinetics-vmae_action_shot_similarity.pkl": [
            0.7597458362579346,
            0.6292420029640198,
            0.6644927263259888,
            0.6175910830497742
        ],
        "ssv2-vmae_action_shot_similarity.pkl": [
            0.6891010999679565,
            0.41783255338668823,
            0.3074907064437866,
            0.06627615541219711
        ],
        "kinetics-xclip_action_shot_similarity.pkl": [
            0.4947812557220459,
            0.6656796932220459,
            0.5847626328468323,
            0.6243038177490234
        ],
        "face_analysis.pkl": [
            0.007616970486111112,
            5,
            1.0,
            0.0
        ],