{
    "29": {
        "start": 291.32,
        "end": 316.12,
        "strategies": [
            0,
            0,
            0,
            0,
            0,
            0
        ],
        "feps": [
            1,
            0,
            0,
            0,
            0
        ],
        "whisperx_ner.pkl": [
            4.0,
            1.0,
            12.0,
            0.0,
            0.0,
            0.0
        ],
        "whisperx_sentiment.pkl": [
            0.5
        ],
        "whisperx_pos.pkl": [
            13.0,
            23.0,
            14.0,
            4.0,
            4.0,
            33.0,
            0.0,
            36.0,
            0.0,
            2.0,
            6.0,
            19.0,
            17.0,
            24.0
        ],
        "llm_evaluative.pkl": [
            0.25
        ],
        "face_emotions_deepface.pkl": [
            0.5463659147869674,
            0.005012531328320802,
            0.002506265664160401,
            0.22681704260651628,
            0.008771929824561403,
            0.0012531328320802004,
            0.20927318295739347
        ],
        "videoshot_scalemovement.pkl": [
            0.5
        ],
        "shot_density.pkl": [
            0.15878350723242507
        ],
        "siglip_shot_similarity.pkl": [
            0.85205078125,
            0.763671875,
            0.59423828125,
            0.58203125
        ],
        "convnextv2_shot_similarity.pkl": [
            0.7510803937911987,
            0.6544262170791626,
            0.19030149281024933,
            0.06391473859548569
        ],
        "places_shot_similarity.pkl": [
            0.8486917018890381,
            0.6277767419815063,
            0.6218627691268921,
            0.5790290236473083
        ],
        "kinetics-vmae_action_shot_similarity.pkl": [
            0.9519518613815308,
            0.7723953127861023,
            0.8049639463424683,
            0.6297169327735901
        ],
        "ssv2-vmae_action_shot_similarity.pkl": [
            0.6422661542892456,
            0.36880171298980713,
            0.6135866641998291,
            0.40335312485694885
        ],
        "kinetics-xclip_action_shot_similarity.pkl": [
            0.8990572690963745,
            0.8821344375610352,
            0.4817928373813629,
            0.5526856780052185
        ],
        "face_analysis.pkl": [
            0.02316992066263199,
            895,
            1.0,
            0.30614525139664805
        ],
        "whisperxspeaker_audioclf.pkl": [
            1.0,
            0.0,
            0.0,
            0.0,
            0.0,
            0.0,
            0.0,
            0.0,
            0.0
        ],
        "whisperxspeaker_segmentClf.pkl": [
            1,
            0
        ],
        "speaker_turns_meta.pkl": [
            0.0,
            1,
            1.0,
            0.0,
            0.0,
            0.0,
            0.0,
            0.0,
            0.0,
            0.0,
            0.0,
            0.0
        ]
    },
    "30": {
        "start": 316.16,
        "end": 324.84,
        "strategies": [
            0,
            0,
            0,
            0,
            0,
            0
        ],
        "feps": [
            0,
            0,
            0,
            0,
            0
        ],
        "whisperx_ner.pkl": [
            4.0,
            1.0,
            12.0,
            0.0,
            0.0,
            0.0
        ],
        "whisperx_sentiment.pkl": [
            0.5
        ],
        "whisperx_pos.pkl": [
            13.0,
            23.0,
            14.0,
            4.0,
            4.0,
            33.0,
            0.0,
            36.0,
            0.0,
            2.0,
            6.0,
            19.0,
            17.0,
            24.0
        ],
        "llm_evaluative.pkl": [
            0.25
        ],
        "face_emotions_deepface.pkl": [
            0.0,
            0.0,
            0.0,
            0.0,
            0.0,
            0.0,
            0.0
        ],
        "videoshot_scalemovement.pkl": [
            1
        ],
        "shot_density.pkl": [
            0.33962188883830535
        ],
        "siglip_shot_similarity.pkl": [
            0.5283203125,
            0.59423828125,
            0.8369140625,
            0.90576171875
        ],
        "convnextv2_shot_similarity.pkl": [
            0.019038360565900803,
            0.19030149281024933,
            0.3617941737174988,
            0.6243643760681152
        ],
        "places_shot_similarity.pkl": [
            0.3817998766899109,
            0.6218627691268921,
            0.7334365844726562,
            0.870212733745575
        ],
        "kinetics-vmae_action_shot_similarity.pkl": [
            0.6788902878761292,
            0.8049639463424683,
            0.6928654313087463,
            0.7624536752700806
        ],
        "ssv2-vmae_action_shot_similarity.pkl": [
            0.4019739031791687,
            0.6135866641998291,
            0.42765527963638306,
            0.5447078943252563
        ],
        "kinetics-xclip_action_shot_similarity.pkl": [
            0.47365954518318176,
            0.4817928373813629,
            0.8331589102745056,
            0.7844333052635193
        ],
        "face_analysis.pkl": [
            0,
            0,
            0.5,
            0.5
        ],
        "whisperxspeaker_audioclf.pkl": [
            1.0,
            0.0,
            0.0,
            0.0,
            0.0,
            0.0,
            0.0,
            0.0,
            0.0
        ],
        "whisperxspeaker_segmentClf.pkl": [
            1,
            0
        ],
        "speaker_turns_meta.pkl": [
            0.0,
            1,
            1.0,
            0.0,
            0.0,
            0.0,
            0.0,
            0.0,
            0.0,
            0.0,
            0.0,
            0.0
        ]
    },
    "31": {
        "start": 324.88,
        "end": 330.32,
        "strategies": [
            0,
            0,
            0,
            0,
            0,
            0
        ],
        "feps": [
            0,
            0,
            0,
            0,
            0
        ],
        "whisperx_ner.pkl": [
            4.0,
            1.0,
            12.0,
            0.0,
            0.0,
            0.0
        ],
        "whisperx_sentiment.pkl": [
            0.5
        ],
        "whisperx_pos.pkl": [
            13.0,
            23.0,
            14.0,
            4.0,
            4.0,
            33.0,
            0.0,
            36.0,
            0.0,
            2.0,
            6.0,
            19.0,
            17.0,
            24.0
        ],
        "llm_evaluative.pkl": [
            0.25
        ],
        "face_emotions_deepface.pkl": [
            0.0,
            0.0,
            0.0,
            0.0,
            0.0,
            0.0,
            0.0
        ],
        "videoshot_scalemovement.pkl": [
            1
        ],
        "shot_density.pkl": [
            0.39065268726781543
        ],
        "siglip_shot_similarity.pkl": [
            0.58203125,
            0.8369140625,
            0.83837890625,
            0.52734375
        ],
        "convnextv2_shot_similarity.pkl": [
            0.06391473859548569,
            0.3617941439151764,
            0.43607068061828613,
            0.03433873876929283
        ],
        "places_shot_similarity.pkl": [
            0.5790289640426636,
            0.7334365844726562,
            0.7726393342018127,
            0.4681972563266754
        ],
        "kinetics-vmae_action_shot_similarity.pkl": [
            0.6297169327735901,
            0.6928654313087463,
            0.6128513216972351,
            0.5957874655723572
        ],
        "ssv2-vmae_action_shot_similarity.pkl": [
            0.40335312485694885,
            0.42765527963638306,
            0.3231655955314636,
            0.4353752136230469
        ],