{
    "112": {
        "start": 996.12,
        "end": 1023.16,
        "strategies": [
            0,
            1,
            0,
            0,
            0,
            0
        ],
        "feps": [
            0,
            0,
            0,
            0,
            0
        ],
        "whisperx_ner.pkl": [
            2.0,
            6.0,
            25.0,
            3.0,
            0.0,
            1.0
        ],
        "whisperx_sentiment.pkl": [
            0.75
        ],
        "whisperx_pos.pkl": [
            25.0,
            46.0,
            18.0,
            17.0,
            9.0,
            53.0,
            0.0,
            70.0,
            5.0,
            4.0,
            9.0,
            39.0,
            32.0,
            43.0
        ],
        "llm_evaluative.pkl": [
            0.125
        ],
        "face_emotions_deepface.pkl": [
            0.16296728971962618,
            0.0,
            0.12324766355140188,
            0.1582943925233645,
            0.1582943925233645,
            0.017523364485981307,
            0.3796728971962617
        ],
        "videoshot_scalemovement.pkl": [
            0.5
        ],
        "shot_density.pkl": [
            0.20630735450007312
        ],
        "siglip_shot_similarity.pkl": [
            0.73193359375,
            0.61328125,
            0.646484375,
            0.61328125
        ],
        "convnextv2_shot_similarity.pkl": [
            0.4898623824119568,
            0.38596439361572266,
            0.27138280868530273,
            0.2770307660102844
        ],
        "places_shot_similarity.pkl": [
            0.7951174974441528,
            0.7324806451797485,
            0.6051541566848755,
            0.663367748260498
        ],
        "kinetics-vmae_action_shot_similarity.pkl": [
            0.8633302450180054,
            0.815364420413971,
            0.794610321521759,
            0.7402641177177429
        ],
        "ssv2-vmae_action_shot_similarity.pkl": [
            0.3038006126880646,
            0.184961199760437,
            0.3745271563529968,
            0.34740835428237915
        ],
        "kinetics-xclip_action_shot_similarity.pkl": [
            0.6974323987960815,
            0.6879386305809021,
            0.506920576095581,
            0.48625051975250244
        ],
        "face_analysis.pkl": [
            0.005793724138444105,
            2217,
            1.0,
            0.6585475868290482
        ],
        "whisperxspeaker_audioclf.pkl": [
            1.0,
            0.0,
            0.0,
            0.0,
            0.0,
            0.0,
            0.0,
            0.0,
            0.0
        ],
        "whisperxspeaker_segmentClf.pkl": [
            0,
            1
        ],
        "speaker_turns_meta.pkl": [
            0.0,
            2,
            1.0,
            0.0,
            0.0,
            0.0,
            0.0,
            0.0,
            0.0,
            0.0,
            0.0,
            0.5
        ]
    },
    "113": {
        "start": 1023.2,
        "end": 1026.079,
        "strategies": [
            0,
            1,
            0,
            0,
            0,
            0
        ],
        "feps": [
            0,
            0,
            0,
            0,
            0
        ],
        "whisperx_ner.pkl": [
            1.0,
            6.0,
            23.0,
            3.0,
            0.0,
            1.0
        ],
        "whisperx_sentiment.pkl": [
            0.5
        ],
        "whisperx_pos.pkl": [
            25.0,
            42.0,
            16.0,
            17.0,
            8.0,
            49.0,
            0.0,
            67.0,
            5.0,
            4.0,
            8.0,
            35.0,
            31.0,
            40.0
        ],
        "llm_evaluative.pkl": [
            0.25
        ],
        "face_emotions_deepface.pkl": [
            0.1320754716981132,
            0.0,
            0.14255765199161424,
            0.031446540880503145,
            0.20964360587002095,
            0.0,
            0.48427672955974843
        ],
        "videoshot_scalemovement.pkl": [
            0.75
        ],
        "shot_density.pkl": [
            0.4474724945069279
        ],
        "siglip_shot_similarity.pkl": [
            0.6455078125,
            0.646484375,
            0.740234375,
            0.88232421875
        ],
        "convnextv2_shot_similarity.pkl": [
            0.1710323691368103,
            0.27138280868530273,
            0.4633236825466156,
            0.8588037490844727
        ],
        "places_shot_similarity.pkl": [
            0.6302520036697388,
            0.6051541566848755,
            0.7242082357406616,
            0.8963688611984253
        ],
        "kinetics-vmae_action_shot_similarity.pkl": [
            0.9783475995063782,
            0.794610321521759,
            0.8449034690856934,
            0.7457585334777832
        ],
        "ssv2-vmae_action_shot_similarity.pkl": [
            0.2662979066371918,
            0.3745271563529968,
            0.6538428068161011,
            0.8460084795951843
        ],
        "kinetics-xclip_action_shot_similarity.pkl": [
            0.4504900276660919,
            0.506920576095581,
            0.7617774605751038,
            0.8208729028701782
        ],
        "face_analysis.pkl": [
            0.0029503767407780728,
            744,
            1.0,
            0.5994623655913979
        ],
        "whisperxspeaker_audioclf.pkl": [
            1.0,
            0.0,
            0.0,
            0.0,
            0.0,
            0.0,
            0.0,
            0.0,
            0.0
        ],
        "whisperxspeaker_segmentClf.pkl": [
            0,
            1
        ],
        "speaker_turns_meta.pkl": [
            0.0,
            1,
            1.0,
            0.0,
            0.0,
            0.0,
            0.0,
            0.0,
            0.0,
            0.0,
            0.0,
            1.0
        ]
    },
    "114": {
        "start": 1026.119,
        "end": 1029.96,
        "strategies": [
            0,
            1,
            0,
            0,
            0,
            0
        ],
        "feps": [
            0,
            0,
            0,
            0,
            0
        ],
        "whisperx_ner.pkl": [
            1.0,
            6.0,
            23.0,
            3.0,
            0.0,
            1.0
        ],
        "whisperx_sentiment.pkl": [
            0.5
        ],
        "whisperx_pos.pkl": [
            25.0,
            42.0,
            16.0,
            17.0,
            8.0,
            49.0,
            0.0,
            67.0,
            5.0,
            4.0,
            8.0,
            35.0,
            31.0,
            40.0
        ],
        "llm_evaluative.pkl": [
            0.25
        ],
        "face_emotions_deepface.pkl": [
            0.43253968253968256,
            0.0,
            0.015873015873015872,
            0.0,
            0.39285714285714285,
            0.0,
            0.15873015873015872
        ],
        "videoshot_scalemovement.pkl": [
            0.5
        ],
        "shot_density.pkl": [
            0.47103800089467474
        ],
        "siglip_shot_similarity.pkl": [
            0.61328125,
            0.740234375,
            0.75732421875,
            0.5830078125
        ],
        "convnextv2_shot_similarity.pkl": [
            0.2770307660102844,
            0.4633236825466156,
            0.46191537380218506,
            0.21869690716266632
        ],
        "places_shot_similarity.pkl": [
            0.663367748260498,
            0.7242082357406616,
            0.6884759664535522,
            0.654434323310852
        ],
        "kinetics-vmae_action_shot_similarity.pkl": [
            0.7402641177177429,
            0.8449034690856934,
            0.7902189493179321,
            0.7828885912895203
        ],