{
    "85": {
        "start": 696.28,
        "end": 726.12,
        "strategies": [
            "fragmentation"
        ],
        "stories": [
            "story02:russia-journalist"
        ],
        "feps": [],
        "whisperx_ner.pkl": [
            1.0,
            3.0,
            12.0,
            2.0,
            0.0,
            0.0
        ],
        "whisperx_sentiment.pkl": [
            0.75
        ],
        "whisperx_pos.pkl": [
            17.0,
            22.0,
            18.0,
            10.0,
            6.0,
            27.0,
            0.0,
            41.0,
            2.0,
            3.0,
            4.0,
            24.0,
            19.0,
            32.0
        ],
        "llm_evaluative.pkl": [
            0.5
        ],
        "face_emotions_deepface.pkl": [
            0.06851851851851852,
            0.0,
            0.43703703703703706,
            0.07592592592592592,
            0.046296296296296294,
            0.22592592592592592,
            0.14629629629629629
        ],
        "videoshot_scalemovement.pkl": [
            0.5
        ],
        "shot_density.pkl": [
            0.3343722909389902
        ],
        "siglip_shot_similarity.pkl": [
            0.56298828125,
            0.52685546875,
            0.490966796875,
            0.59130859375
        ],
        "convnextv2_shot_similarity.pkl": [
            0.18927329778671265,
            0.10178439319133759,
            0.17196007072925568,
            0.34055018424987793
        ],
        "places_shot_similarity.pkl": [
            0.6602595448493958,
            0.6495899558067322,
            0.5329703688621521,
            0.6613509654998779
        ],
        "kinetics-vmae_action_shot_similarity.pkl": [
            0.6217416524887085,
            0.7602829933166504,
            0.8015686273574829,
            0.5953598618507385
        ],
        "ssv2-vmae_action_shot_similarity.pkl": [
            0.1273440420627594,
            0.5718591213226318,
            0.6282719969749451,
            0.32118886709213257
        ],
        "kinetics-xclip_action_shot_similarity.pkl": [
            0.6223130226135254,
            0.5218800902366638,
            0.4108697772026062,
            0.7006637454032898
        ],
        "face_analysis.pkl": [
            0.017646047151569207,
            747,
            1.0,
            0.0
        ],
        "whisperxspeaker_audioclf.pkl": [
            1.0,
            0.0,
            0.0,
            0.0,
            0.0,
            0.0,
            0.0,
            0.0,
            0.0
        ],
        "whisperxspeaker_segmentClf.pkl": [
            1,
            1
        ],
        "speaker_turns_meta.pkl": [
            0.0,
            2,
            1.0,
            0.0,
            0.0,
            0.0,
            0.0,
            0.0,
            0.0,
            0.0,
            0.0,
            0.5
        ]
    },
    "86": {
        "start": 726.16,
        "end": 730.0,
        "strategies": [
            "fragmentation"
        ],
        "stories": [
            "story02:russia-journalist"
        ],
        "feps": [],
        "whisperx_ner.pkl": [
            1.0,
            2.0,
            11.0,
            2.0,
            0.0,
            0.0
        ],
        "whisperx_sentiment.pkl": [
            0.5
        ],
        "whisperx_pos.pkl": [
            13.0,
            21.0,
            13.0,
            9.0,
            6.0,
            25.0,
            0.0,
            37.0,
            2.0,
            3.0,
            3.0,
            23.0,
            17.0,
            29.0
        ],
        "llm_evaluative.pkl": [
            0.25
        ],
        "face_emotions_deepface.pkl": [
            0.0,
            0.0,
            0.0,
            0.0,
            0.0,
            0.0,
            1.0
        ],
        "videoshot_scalemovement.pkl": [
            0.25
        ],
        "shot_density.pkl": [
            0.533184635208648
        ],
        "siglip_shot_similarity.pkl": [
            0.4736328125,
            0.490966796875,
            0.393310546875,
            0.60009765625
        ],
        "convnextv2_shot_similarity.pkl": [
            0.01729596219956875,
            0.17196007072925568,
            0.02885512262582779,
            0.09223071485757828
        ],
        "places_shot_similarity.pkl": [
            0.4329640567302704,
            0.5329704284667969,
            0.451195627450943,
            0.45452001690864563
        ],
        "kinetics-vmae_action_shot_similarity.pkl": [
            0.9001157283782959,
            0.8015686273574829,
            0.6981232166290283,
            0.6180631518363953
        ],
        "ssv2-vmae_action_shot_similarity.pkl": [
            0.6400524377822876,
            0.6282719969749451,
            0.3696901798248291,
            0.4958319067955017
        ],
        "kinetics-xclip_action_shot_similarity.pkl": [
            0.3845595121383667,
            0.4108697772026062,
            0.3689844608306885,
            0.34789150953292847
        ],
        "face_analysis.pkl": [
            0.0942892347687571,
            97,
            1.0,
            1.0
        ],
        "whisperxspeaker_audioclf.pkl": [
            1.0,
            0.0,
            0.0,
            0.0,
            0.0,
            0.0,
            0.0,
            0.0,
            0.0
        ],
        "whisperxspeaker_segmentClf.pkl": [
            0,
            1
        ],
        "speaker_turns_meta.pkl": [
            0.0,
            1,
            1.0,
            0.0,
            0.0,
            0.0,
            0.0,
            0.0,
            0.0,
            0.0,
            0.0,
            0.0
        ]
    },
    "87": {
        "start": 730.04,
        "end": 734.36,
        "strategies": [
            "fragmentation"
        ],
        "stories": [
            "story02:russia-journalist"
        ],
        "feps": [],
        "whisperx_ner.pkl": [
            1.0,
            2.0,
            11.0,
            2.0,
            0.0,
            0.0
        ],
        "whisperx_sentiment.pkl": [
            0.5
        ],
        "whisperx_pos.pkl": [
            13.0,
            21.0,
            13.0,
            9.0,
            6.0,
            25.0,
            0.0,
            37.0,
            2.0,
            3.0,
            3.0,
            23.0,
            17.0,
            29.0
        ],
        "llm_evaluative.pkl": [
            0.25
        ],
        "face_emotions_deepface.pkl": [
            0.0,
            0.0,
            0.0,
            0.0,
            0.0,
            0.0,
            0.0
        ],
        "videoshot_scalemovement.pkl": [
            0.75
        ],
        "shot_density.pkl": [
            0.6014606252339761
        ],
        "siglip_shot_similarity.pkl": [
            0.59130859375,
            0.393310546875,
            0.6279296875,
            0.79931640625
        ],
        "convnextv2_shot_similarity.pkl": [
            0.34055018424987793,
            0.02885511890053749,
            0.1960209310054779,
            0.7945491075515747
        ],
        "places_shot_similarity.pkl": [
            0.6613509654998779,
            0.4511955678462982,
            0.6743488907814026,
            0.83936607837677
        ],
        "kinetics-vmae_action_shot_similarity.pkl": [
            0.5953598618507385,
            0.6981232166290283,
            0.6101376414299011,
            0.7102014422416687
        ],
        "ssv2-vmae_action_shot_similarity.pkl": [
            0.32118886709213257,
            0.3696901798248291,
            0.3425564765930176,
            0.09001243859529495
        ],
        "kinetics-xclip_action_shot_similarity.pkl": [
            0.7006637454032898,
            0.3689844608306885,
            0.49015089869499207,
            0.7540281414985657
        ],