{
    "77": {
        "start": 662.24,
        "end": 665.4,
        "strategies": [],
        "stories": [
            "story01:criminalstatistics-migration-ukraine"
        ],
        "feps": [],
        "whisperx_ner.pkl": [
            0.0,
            0.0,
            2.0,
            0.0,
            0.0,
            0.0
        ],
        "whisperx_sentiment.pkl": [
            1.0
        ],
        "whisperx_pos.pkl": [
            3.0,
            6.0,
            1.0,
            0.0,
            0.0,
            5.0,
            0.0,
            4.0,
            0.0,
            0.0,
            1.0,
            1.0,
            1.0,
            3.0
        ],
        "llm_evaluative.pkl": [
            0.25
        ],
        "face_emotions_deepface.pkl": [
            0.11392405063291139,
            0.0,
            0.06329113924050633,
            0.3291139240506329,
            0.3924050632911392,
            0.0,
            0.10126582278481013
        ],
        "videoshot_scalemovement.pkl": [
            0.5
        ],
        "shot_density.pkl": [
            0.6042959084558552
        ],
        "siglip_shot_similarity.pkl": [
            0.51220703125,
            0.57177734375,
            0.81884765625,
            0.66162109375
        ],
        "convnextv2_shot_similarity.pkl": [
            0.12407182157039642,
            0.2037329375743866,
            0.42756181955337524,
            0.3801935017108917
        ],
        "places_shot_similarity.pkl": [
            0.48589056730270386,
            0.5785969495773315,
            0.7989016175270081,
            0.7135867476463318
        ],
        "kinetics-vmae_action_shot_similarity.pkl": [
            0.6416219472885132,
            0.6085690855979919,
            0.5920004844665527,
            0.6543397307395935
        ],
        "ssv2-vmae_action_shot_similarity.pkl": [
            0.1650109440088272,
            0.15961356461048126,
            0.1012372225522995,
            0.12037010490894318
        ],
        "kinetics-xclip_action_shot_similarity.pkl": [
            0.4657214879989624,
            0.44987958669662476,
            0.7221719026565552,
            0.4767039716243744
        ],
        "face_analysis.pkl": [
            0.01579276620370369,
            150,
            0.9733333333333334,
            0.43333333333333335
        ],
        "whisperxspeaker_audioclf.pkl": [
            1.0,
            0.0,
            0.0,
            0.0,
            0.0,
            0.0,
            0.0,
            0.0,
            0.0
        ],
        "whisperxspeaker_segmentClf.pkl": [
            1,
            0
        ],
        "speaker_turns_meta.pkl": [
            0.0,
            1,
            0.0,
            1.0,
            0.0,
            0.0,
            0.0,
            0.0,
            0.0,
            0.0,
            0.0,
            1.0
        ]
    },
    "78": {
        "start": 665.44,
        "end": 667.68,
        "strategies": [],
        "stories": [
            "story01:criminalstatistics-migration-ukraine"
        ],
        "feps": [],
        "whisperx_ner.pkl": [
            0.0,
            0.0,
            2.0,
            0.0,
            0.0,
            0.0
        ],
        "whisperx_sentiment.pkl": [
            1.0
        ],
        "whisperx_pos.pkl": [
            3.0,
            6.0,
            1.0,
            0.0,
            0.0,
            5.0,
            0.0,
            4.0,
            0.0,
            0.0,
            1.0,
            1.0,
            1.0,
            3.0
        ],
        "llm_evaluative.pkl": [
            0.25
        ],
        "face_emotions_deepface.pkl": [
            0.3924050632911392,
            0.0,
            0.08860759493670886,
            0.0379746835443038,
            0.35443037974683544,
            0.0379746835443038,
            0.08860759493670886
        ],
        "videoshot_scalemovement.pkl": [
            0.5
        ],
        "shot_density.pkl": [
            0.6244434947884246
        ],
        "siglip_shot_similarity.pkl": [
            0.62109375,
            0.81884765625,
            0.72412109375,
            0.58349609375
        ],
        "convnextv2_shot_similarity.pkl": [
            0.3390634059906006,
            0.42756184935569763,
            0.31262853741645813,
            0.20845095813274384
        ],
        "places_shot_similarity.pkl": [
            0.6241039633750916,
            0.7989016175270081,
            0.7293294072151184,
            0.5697749257087708
        ],
        "kinetics-vmae_action_shot_similarity.pkl": [
            0.6395765542984009,
            0.5920004844665527,
            0.6576852798461914,
            0.6041004061698914
        ],
        "ssv2-vmae_action_shot_similarity.pkl": [
            0.30208051204681396,
            0.1012372225522995,
            0.16406305134296417,
            0.36809074878692627
        ],
        "kinetics-xclip_action_shot_similarity.pkl": [
            0.3534964919090271,
            0.7221719026565552,
            0.4401903450489044,
            0.32643336057662964
        ],
        "face_analysis.pkl": [
            0.008305290153434682,
            148,
            1.0,
            0.6554054054054054
        ],
        "whisperxspeaker_audioclf.pkl": [
            1.0,
            0.0,
            0.0,
            0.0,
            0.0,
            0.0,
            0.0,
            0.0,
            0.0
        ],
        "whisperxspeaker_segmentClf.pkl": [
            1,
            0
        ],
        "speaker_turns_meta.pkl": [
            0.0,
            1,
            0.0,
            1.0,
            0.0,
            0.0,
            0.0,
            0.0,
            0.0,
            0.0,
            0.0,
            1.0
        ]
    },
    "79": {
        "start": 667.72,
        "end": 670.12,
        "strategies": [],
        "stories": [
            "story01:criminalstatistics-migration-ukraine"
        ],
        "feps": [],
        "whisperx_ner.pkl": [
            0.0,
            0.0,
            2.0,
            0.0,
            0.0,
            0.0
        ],
        "whisperx_sentiment.pkl": [
            1.0
        ],
        "whisperx_pos.pkl": [
            3.0,
            6.0,
            1.0,
            0.0,
            0.0,
            5.0,
            0.0,
            4.0,
            0.0,
            0.0,
            1.0,
            1.0,
            1.0,
            3.0
        ],
        "llm_evaluative.pkl": [
            0.25
        ],
        "face_emotions_deepface.pkl": [
            0.043478260869565216,
            0.0,
            0.21739130434782608,
            0.0,
            0.43478260869565216,
            0.0,
            0.30434782608695654
        ],
        "videoshot_scalemovement.pkl": [
            0.5
        ],
        "shot_density.pkl": [
            0.6256168034898857
        ],
        "siglip_shot_similarity.pkl": [
            0.66162109375,
            0.72412109375,
            0.492431640625,
            0.58349609375
        ],
        "convnextv2_shot_similarity.pkl": [
            0.3801935017108917,
            0.3126285672187805,
            0.2002246230840683,
            0.21598295867443085
        ],
        "places_shot_similarity.pkl": [
            0.7135867476463318,
            0.7293294072151184,
            0.5805202722549438,
            0.543728768825531
        ],
        "kinetics-vmae_action_shot_similarity.pkl": [
            0.6543397307395935,
            0.6576852798461914,
            0.7271376252174377,
            0.6418928503990173
        ],
        "ssv2-vmae_action_shot_similarity.pkl": [
            0.12037010490894318,
            0.16406305134296417,
            0.21387308835983276,
            0.13945825397968292
        ],