{
    "69": {
        "start": 605.52,
        "end": 631.68,
        "strategies": [],
        "stories": [
            "story01:russia-leitzins"
        ],
        "feps": [
            "alternating-shot"
        ],
        "whisperx_ner.pkl": [
            0.0,
            2.0,
            3.0,
            0.0,
            0.0,
            1.0
        ],
        "whisperx_sentiment.pkl": [
            0.5
        ],
        "whisperx_pos.pkl": [
            2.0,
            6.0,
            6.0,
            2.0,
            2.0,
            7.0,
            0.0,
            8.0,
            2.0,
            0.0,
            5.0,
            7.0,
            5.0,
            7.0
        ],
        "llm_evaluative.pkl": [
            0.25
        ],
        "face_emotions_deepface.pkl": [
            0.12220566318926974,
            0.0,
            0.13263785394932937,
            0.2503725782414307,
            0.022354694485842028,
            0.040238450074515646,
            0.43219076005961254
        ],
        "videoshot_scalemovement.pkl": [
            0.5
        ],
        "shot_density.pkl": [
            0.23382038456659635
        ],
        "siglip_shot_similarity.pkl": [
            0.494140625,
            0.483642578125,
            0.5966796875,
            0.72216796875
        ],
        "convnextv2_shot_similarity.pkl": [
            0.17665289342403412,
            0.1169884130358696,
            0.3599439263343811,
            0.5773087739944458
        ],
        "places_shot_similarity.pkl": [
            0.7399196624755859,
            0.6443693041801453,
            0.685675859451294,
            0.7770240306854248
        ],
        "kinetics-vmae_action_shot_similarity.pkl": [
            0.6061527132987976,
            0.6101272702217102,
            0.5950380563735962,
            0.7574654817581177
        ],
        "ssv2-vmae_action_shot_similarity.pkl": [
            0.6356642842292786,
            0.31574827432632446,
            0.3715723752975464,
            0.21321222186088562
        ],
        "kinetics-xclip_action_shot_similarity.pkl": [
            0.529405951499939,
            0.5758554339408875,
            0.6341350078582764,
            0.8855001926422119
        ],
        "face_analysis.pkl": [
            0.014533058449074071,
            873,
            1.0,
            0.24971363115693013
        ],
        "whisperxspeaker_audioclf.pkl": [
            0.0,
            0.0,
            0.0,
            0.0,
            0.0,
            0.0,
            0.0,
            0.0,
            0.0
        ],
        "whisperxspeaker_segmentClf.pkl": [
            0,
            1
        ],
        "speaker_turns_meta.pkl": [
            1.0,
            1,
            1.0,
            0.0,
            0.0,
            0.0,
            0.0,
            0.0,
            0.0,
            0.0,
            0.0,
            0.0
        ]
    }
}