{
    "40": {
        "start": 204.36,
        "end": 223.36,
        "strategies": [],
        "stories": [
            "story02:selenskyj"
        ],
        "feps": [],
        "whisperx_ner.pkl": [
            1.0,
            3.0,
            11.0,
            0.0,
            0.0,
            0.0
        ],
        "whisperx_sentiment.pkl": [
            0.5
        ],
        "whisperx_pos.pkl": [
            11.0,
            19.0,
            11.0,
            4.0,
            2.0,
            25.0,
            0.0,
            31.0,
            0.0,
            2.0,
            5.0,
            14.0,
            15.0,
            20.0
        ],
        "llm_evaluative.pkl": [
            0.25
        ],
        "face_emotions_deepface.pkl": [
            0.33611111111111114,
            0.002777777777777778,
            0.006944444444444444,
            0.0625,
            0.5277777777777778,
            0.001388888888888889,
            0.0625
        ],
        "videoshot_scalemovement.pkl": [
            0.5
        ],
        "shot_density.pkl": [
            0.24801229339558345
        ],
        "siglip_shot_similarity.pkl": [
            0.57373046875,
            0.56787109375,
            0.615234375,
            0.53857421875
        ],
        "convnextv2_shot_similarity.pkl": [
            0.09552827477455139,
            0.4038630425930023,
            0.16807828843593597,
            0.18328170478343964
        ],
        "places_shot_similarity.pkl": [
            0.47619929909706116,
            0.6281328201293945,
            0.6399903893470764,
            0.519070565700531
        ],
        "kinetics-vmae_action_shot_similarity.pkl": [
            0.7406556010246277,
            0.7508836984634399,
            0.520983874797821,
            0.7807897925376892
        ],
        "ssv2-vmae_action_shot_similarity.pkl": [
            0.7274530529975891,
            0.670329213142395,
            0.44912976026535034,
            0.22376693785190582
        ],
        "kinetics-xclip_action_shot_similarity.pkl": [
            0.5407055616378784,
            0.6957926750183105,
            0.6033976078033447,
            0.6077134609222412
        ],
        "face_analysis.pkl": [
            0.018454796204486475,
            769,
            0.9960988296488946,
            0.4980494148244473
        ],
        "whisperxspeaker_audioclf.pkl": [
            1.0,
            0.0,
            0.0,
            0.0,
            0.0,
            0.0,
            0.0,
            0.0,
            0.0
        ],
        "whisperxspeaker_segmentClf.pkl": [
            1,
            0
        ],
        "speaker_turns_meta.pkl": [
            0.0,
            1,
            1.0,
            0.0,
            0.0,
            0.0,
            0.0,
            0.0,
            0.0,
            0.0,
            0.0,
            0.0
        ]
    },
    "41": {
        "start": 223.4,
        "end": 225.4,
        "strategies": [],
        "stories": [
            "story02:selenskyj"
        ],
        "feps": [],
        "whisperx_ner.pkl": [
            1.0,
            3.0,
            11.0,
            0.0,
            0.0,
            0.0
        ],
        "whisperx_sentiment.pkl": [
            0.5
        ],
        "whisperx_pos.pkl": [
            11.0,
            19.0,
            11.0,
            4.0,
            2.0,
            25.0,
            0.0,
            31.0,
            0.0,
            2.0,
            5.0,
            14.0,
            15.0,
            20.0
        ],
        "llm_evaluative.pkl": [
            0.25
        ],
        "face_emotions_deepface.pkl": [
            0.0,
            0.0,
            0.0,
            0.0,
            0.6428571428571429,
            0.0,
            0.35714285714285715
        ],
        "videoshot_scalemovement.pkl": [
            0.25
        ],
        "shot_density.pkl": [
            0.3673163070216866
        ],
        "siglip_shot_similarity.pkl": [
            0.65966796875,
            0.615234375,
            0.70458984375,
            0.58935546875
        ],
        "convnextv2_shot_similarity.pkl": [
            0.21445555984973907,
            0.16807828843593597,
            0.3864157795906067,
            0.08514707535505295
        ],
        "places_shot_similarity.pkl": [
            0.6153938174247742,
            0.6399903893470764,
            0.6029094457626343,
            0.5754836201667786
        ],
        "kinetics-vmae_action_shot_similarity.pkl": [
            0.47734934091567993,
            0.520983874797821,
            0.493153840303421,
            0.5514672994613647
        ],
        "ssv2-vmae_action_shot_similarity.pkl": [
            0.3265773057937622,
            0.44912976026535034,
            0.16397008299827576,
            0.41607052087783813
        ],
        "kinetics-xclip_action_shot_similarity.pkl": [
            0.5690268874168396,
            0.6033976078033447,
            0.7357625961303711,
            0.484684556722641
        ],
        "face_analysis.pkl": [
            0.06259102852852855,
            37,
            1.0,
            0.8108108108108109
        ],
        "whisperxspeaker_audioclf.pkl": [
            1.0,
            0.0,
            0.0,
            0.0,
            0.0,
            0.0,
            0.0,
            0.0,
            0.0
        ],
        "whisperxspeaker_segmentClf.pkl": [
            1,
            0
        ],
        "speaker_turns_meta.pkl": [
            0.0,
            1,
            1.0,
            0.0,
            0.0,
            0.0,
            0.0,
            0.0,
            0.0,
            0.0,
            0.0,
            0.0
        ]
    },
    "42": {
        "start": 225.44,
        "end": 230.16,
        "strategies": [],
        "stories": [
            "story02:selenskyj"
        ],
        "feps": [],
        "whisperx_ner.pkl": [
            1.0,
            3.0,
            11.0,
            0.0,
            0.0,
            0.0
        ],
        "whisperx_sentiment.pkl": [
            0.5
        ],
        "whisperx_pos.pkl": [
            11.0,
            19.0,
            11.0,
            4.0,
            2.0,
            25.0,
            0.0,
            31.0,
            0.0,
            2.0,
            5.0,
            14.0,
            15.0,
            20.0
        ],
        "llm_evaluative.pkl": [
            0.25
        ],
        "face_emotions_deepface.pkl": [
            0.0,
            0.0,
            0.0,
            0.0,
            0.0,
            0.0,
            0.0
        ],
        "videoshot_scalemovement.pkl": [
            0.75
        ],
        "shot_density.pkl": [
            0.37614669714998356
        ],
        "siglip_shot_similarity.pkl": [
            0.53857421875,
            0.70458984375,
            0.55322265625,
            0.424560546875
        ],
        "convnextv2_shot_similarity.pkl": [
            0.18328170478343964,
            0.3864157795906067,
            0.03248417377471924,
            0.04278924688696861
        ],
        "places_shot_similarity.pkl": [
            0.519070565700531,
            0.6029094457626343,
            0.49190449714660645,
            0.5145575404167175
        ],
        "kinetics-vmae_action_shot_similarity.pkl": [
            0.7807897925376892,
            0.493153840303421,
            0.8072441220283508,
            0.7559098601341248
        ],
        "ssv2-vmae_action_shot_similarity.pkl": [
            0.22376693785190582,
            0.16397008299827576,
            -0.06339867413043976,
            -0.07516096532344818
        ],
        "kinetics-xclip_action_shot_similarity.pkl": [
            0.6077134609222412,
            0.7357625961303711,
            0.4256289005279541,
            0.4046461284160614
        ],