{
    "0": {
        "start": 0.0,
        "end": 508.92,
        "strategies": [
            0,
            0,
            0,
            1,
            0,
            0
        ],
        "feps": [
            0,
            0,
            0,
            0,
            0
        ],
        "whisperx_ner.pkl": [
            0.5,
            0.16666666666666666,
            0.6,
            0.9375,
            0.0,
            0.0
        ],
        "whisperx_sentiment.pkl": [
            0.0
        ],
        "whisperx_pos.pkl": [
            0.5170068027210885,
            0.6904761904761905,
            0.23684210526315788,
            0.5694444444444444,
            0.4012345679012346,
            0.5957446808510638,
            0.0,
            0.5585585585585585,
            0.5238095238095238,
            0.2647058823529412,
            0.36796536796536794,
            1.0,
            0.4163424124513619,
            0.4010989010989011
        ],
        "llm_evaluative.pkl": [
            1.0
        ],
        "face_emotions_deepface.pkl": [
            0.055679096818337326,
            0.0,
            0.04892234006158057,
            0.023178241532671912,
            0.35862127950735545,
            0.00042764283270612383,
            0.5131713992473487
        ],
        "videoshot_scalemovement.pkl": [
            0.5
        ],
        "shot_density.pkl": [
            0.03318185602685384
        ],
        "siglip_shot_similarity.pkl": [
            0.25027563395810365,
            0.2607516466485858,
            0.07205489897064431,
            0.25027563395810365
        ],
        "convnextv2_shot_similarity.pkl": [
            0.5254219259023596,
            0.5428756352957659,
            0.17899856074712076,
            0.5254219259023596
        ],
        "places_shot_similarity.pkl": [
            0.3529042886422522,
            0.2698459169522688,
            0.41930685995552935,
            0.3529043136662549
        ],
        "kinetics-vmae_action_shot_similarity.pkl": [
            0.0,
            0.0,
            0.5430791290435356,
            0.0
        ],
        "ssv2-vmae_action_shot_similarity.pkl": [
            0.18017098361808095,
            0.16406545724391028,
            0.2152416989414681,
            0.18017098361808095
        ],
        "kinetics-xclip_action_shot_similarity.pkl": [
            0.0,
            0.0,
            0.4351049491461983,
            0.0
        ],
        "face_analysis.pkl": [
            0.024625971043133424,
            1.0,
            0.9911443752499571,
            0.7246757698680226
        ],
        "whisperxspeaker_audioclf.pkl": [
            1.0,
            0.0,
            0.0,
            0.0,
            0.0,
            0.0,
            0.0,
            0.0,
            0.0
        ],
        "whisperxspeaker_segmentClf.pkl": [
            1.0,
            0.0
        ],
        "speaker_turns_meta.pkl": [
            1.0,
            0.3333333333333333,
            1.0,
            0.0,
            0.0,
            0.0,
            0.0,
            0.0,
            0.0,
            0.0,
            0.0,
            0.0
        ]
    }
}